Filename,HandPose,HandName,WRIST_x,WRIST_y,THUMB_CMC_x,THUMB_CMC_y,THUMB_MCP_x,THUMB_MCP_y,THUMB_IP_x,THUMB_IP_y,THUMB_TIP_x,THUMB_TIP_y,INDEX_FINGER_MCP_x,INDEX_FINGER_MCP_y,INDEX_FINGER_PIP_x,INDEX_FINGER_PIP_y,INDEX_FINGER_DIP_x,INDEX_FINGER_DIP_y,INDEX_FINGER_TIP_x,INDEX_FINGER_TIP_y,MIDDLE_FINGER_MCP_x,MIDDLE_FINGER_MCP_y,MIDDLE_FINGER_PIP_x,MIDDLE_FINGER_PIP_y,MIDDLE_FINGER_DIP_x,MIDDLE_FINGER_DIP_y,MIDDLE_FINGER_TIP_x,MIDDLE_FINGER_TIP_y,RING_FINGER_MCP_x,RING_FINGER_MCP_y,RING_FINGER_PIP_x,RING_FINGER_PIP_y,RING_FINGER_DIP_x,RING_FINGER_DIP_y,RING_FINGER_TIP_x,RING_FINGER_TIP_y,PINKY_MCP_x,PINKY_MCP_y,PINKY_PIP_x,PINKY_PIP_y,PINKY_DIP_x,PINKY_DIP_y,PINKY_TIP_x,PINKY_TIP_y
T4M1L001.jpg,Arala,left,544.38,1103.04,378.6,942.23,290.27,777.19,275.3,621.05,312.57,528.91,384.81,614.47,385.55,455.25,386.7,388.55,390.36,328.91,471.34,608.83,462.19,409.94,459.56,284.68,467.77,186.47,547.9,632.29,530.52,458.3,503.54,387.29,490.15,335.88,621.75,681.95,599.97,547.25,573.54,482.99,553.37,429.44
T4M1L002.jpg,Arala,left,538.47,1216.68,383.54,1169.55,283.86,1035.38,263.55,909.93,354.16,780.98,371.52,737.29,348.82,642.37,388.24,739.66,436.42,829.89,484.84,684.12,472.85,508.01,477.08,327.37,476.2,151.73,598.38,695.91,594.98,527.12,597.66,369.5,602.28,223.29,712.77,760.46,712.88,635.03,707.51,515.36,701.76,380.19
T4M1L003.jpg,Arala,left,465.02,1195.44,326.79,1000.9,287.6,808.88,291.39,658.01,301.28,547.3,435.86,606.69,464.87,417.33,472.93,309.64,476.99,213.36,522.87,631.02,561.09,398.63,568.3,245.75,571.61,118.63,595.02,692.88,636.85,492.79,628.69,386.44,617.78,298.81,658.44,789.63,691.21,636.5,688.56,546.37,685.14,463.11
T4M1L005.jpeg,Arala,left,503.56,1043.35,423.04,970.97,371.78,899.83,352.56,843.41,374.44,795.12,421.46,760.26,404.99,700.95,412.32,735.32,425.89,773.96,471.35,744.16,463.62,643.47,458,568.04,455.08,506.29,518.22,753.96,515.76,659.76,511.02,590.2,508.53,532.41,563.4,786.48,560.79,714.14,555.6,659.34,551.39,603.06
T4M1L006.jpeg,Arala,left,470.93,967.05,390.04,852.65,344.4,772.12,336.96,701.76,374.9,656.33,413.01,675.8,399.39,604.61,404.48,642.92,415.25,683.11,465.06,666.8,453.74,562.3,443.13,490.38,437.42,427.5,512,679,507.98,580.01,500.11,514.17,494.84,456.9,555.68,709.74,555.18,631.18,550.63,576.92,546.28,521.08
T4M1L007.jpeg,Arala,left,453.88,949.01,353.06,882.65,286.1,814.56,236.02,764.68,205.84,722.05,359.27,672.33,359.31,602.25,366.22,605.76,376.61,613.71,420.48,666.4,418.93,555.94,422.63,474.7,430.16,407.39,473.6,684.25,471.6,587.51,474.11,517.42,479.77,458.98,519.89,722.56,518.73,646.69,517.91,592.83,518.94,537.96
T4M1L008.jpeg,Arala,left,438.39,988.63,345.44,929.25,299.04,836.94,297.13,738.68,307.23,666.85,355.41,727.86,369.05,624.92,381.13,565.69,389.18,514.07,416.98,722.61,423.3,606.82,432.67,515.06,440.21,437.61,467.87,735.6,476.99,631.78,486.36,550.74,492.22,482.05,511.35,763.37,519.23,679.88,522.27,619.24,522.46,560.34
T4M1L010.jpg,Arala,left,1353.3,3760.56,932.74,3212.2,800.13,2655.93,763.18,2191.32,695.84,1856.69,1046.36,2198.99,1046,1731.37,1018.19,1459.32,971.71,1222.97,1272.17,2187.36,1265.7,1656.84,1204.46,1282.73,1145.42,981.13,1471.2,2260.71,1483.21,1769.89,1420.8,1414.09,1340.58,1128.67,1677.05,2410.52,1659.3,2026.24,1602.9,1759.98,1532.32,1517.8
T4M1L011.jpg,Arala,left,1427.75,3473.31,987.69,3030.24,770.91,2550.46,787.69,2159.14,877.81,1935.35,1050.53,1999.17,1090.47,1553.74,1121.07,1295.01,1149.9,1056.5,1327.46,1994.9,1333.66,1445.67,1343.44,1019.87,1370.27,675.3,1560.86,2096.37,1569.51,1583.16,1550.73,1189.43,1543.7,863.66,1781.7,2300.32,1777.09,1892.57,1744.46,1595.1,1712.44,1303.24
T4M1L012.jpg,Arala,left,1504.53,3402.35,1005.22,2911.14,846.47,2435.1,968.99,1996.91,1214.16,1743.22,1312.19,1936.38,1444.74,1403.25,1491.85,1222.28,1521.2,1094.78,1643.12,1963.21,1756.39,1299.66,1799.74,896.71,1838.47,587.12,1893.89,2066.61,1990.67,1499.61,2005.97,1134.67,2006.55,852.98,2077.18,2231.28,2119.64,1784.28,2106,1497.4,2082.68,1245.85
T4M1L014.jpg,Arala,left,1840.44,2227.29,1666.24,2147.88,1561.29,1996.44,1545.53,1837.26,1597.1,1690.77,1573.15,1736.03,1554.76,1566.74,1603.06,1566.49,1653.16,1586.38,1681.12,1683.49,1646.66,1479.48,1635.44,1309.15,1624.67,1158.31,1792.02,1680.36,1751.32,1496.25,1732.43,1351.05,1718.45,1222.19,1911.89,1712,1880.78,1570.74,1862.18,1466.12,1841.24,1355.96
T4M1L016.jpg,Arala,left,1567.23,2570.6,1420.42,2423.9,1360.75,2262.25,1393.07,2136.81,1481.04,2049.89,1510.52,2028.35,1479.99,1880.97,1452.65,1908.34,1448.8,1987.06,1616.54,2052.44,1606,1857.83,1561.4,1815.59,1522.49,1832.57,1708.71,2117.89,1705.21,1938.65,1668.28,1870.98,1636.74,1853.54,1789.04,2219.08,1789.31,2084.65,1771.65,2009.07,1750.35,1958.15
T4M1L017.jpg,Arala,left,1554.91,2482.81,1383.17,2292.08,1328.56,2111.66,1321.26,1959.8,1317.55,1805.34,1424.5,2002.31,1434.4,1853.5,1444.32,1750.08,1449.07,1667.61,1521.37,2009.7,1542.72,1836.9,1547.31,1715.88,1544.44,1620.48,1610.48,2028.4,1632.02,1859.09,1623.42,1743.45,1609.22,1658.58,1698.28,2053.15,1708.97,1909.16,1701.04,1818.39,1690.06,1745.89
T4M1L018.jpg,Arala,left,1488.84,2359.68,1336.63,2203.52,1280.68,2027.31,1294.86,1862.29,1315.36,1710.05,1320.5,1790.25,1330.13,1640.62,1359.89,1605.94,1392.59,1595.14,1433.05,1779.91,1450.29,1591.77,1476.18,1507.32,1507.81,1445.58,1531.24,1807.09,1557.75,1631,1573.87,1535.41,1591.05,1455.82,1624.31,1868.1,1649.03,1726.35,1660.19,1638.13,1673.97,1553.97
T4M1L019.jpg,Arala,left,1467.34,2288.45,1328.72,2179.58,1271.34,1988.24,1268.5,1812.49,1288.71,1655.73,1338.97,1736.29,1371.61,1565.76,1412.17,1518.07,1450.33,1486.03,1452.01,1729.57,1482.99,1526.91,1531.78,1366.93,1577.04,1223.13,1551.94,1767.73,1575.18,1582.44,1613.79,1439.77,1648.19,1309.63,1647.75,1843.65,1664.71,1701.55,1685.85,1598.7,1705.47,1490.6
T4M1L021.jpg,Arala,left,1552.34,2881,1344.61,2744.71,1172.3,2546.55,1077.86,2410.02,1259.04,2277.87,1363.27,1931.95,1264.62,1756.53,1265.4,2051.86,1310.94,2353.32,1542.15,1823.39,1475.36,1521.94,1447.49,1267.31,1407.1,1018.03,1726.51,1859.26,1715.01,1572.22,1704.54,1335.98,1683.68,1125.71,1918.36,2017.27,1961.05,1826.93,1982.64,1665.33,1990.02,1482.53
T4M1L022.jpg,Arala,left,1391.58,2801.93,1204.25,2453.59,1156.58,2123.1,1164.52,1847.73,1151.36,1602.27,1251.78,1796.7,1271.86,1461.53,1299.97,1325.83,1318.12,1219.1,1428.66,1831.74,1446.61,1449.93,1467.13,1202.76,1482.54,983.87,1576.77,1912.84,1618.05,1589.03,1634.54,1381.25,1639.95,1192.48,1704.98,2034.24,1759.46,1791.02,1786.31,1645.42,1803.81,1487.97
T4M1L024.jpg,Arala,left,1785.55,2562.99,1518.95,2349.4,1404.6,2043.56,1410.96,1783.1,1445.58,1588.31,1583.22,1677.96,1598.77,1403.67,1607.35,1287.7,1618.37,1188.97,1761.2,1677.18,1750.66,1343.4,1741.46,1081.27,1745.26,858.35,1920.2,1742.3,1920.14,1425.7,1903.73,1181.15,1896.95,969.21,2081.64,1875.01,2092.94,1624.71,2086.88,1440.82,2083.42,1252.39
T4M1L025.jpg,Arala,left,1774.31,2466.36,1591.46,2215.1,1549.44,1938.41,1573.13,1683.45,1612.19,1442.04,1781.09,1535.85,1888.61,1224.52,1922.13,1191.98,1944.85,1209.74,1967.96,1557.98,2107.92,1160.97,2231.99,887.63,2336.92,647.21,2113.55,1646.67,2243.33,1312.73,2351.38,1066.21,2446.32,843.68,2237.4,1784.34,2338.83,1536.35,2415.52,1360.48,2497.95,1178.11
T4M1L027.jpg,Arala,left,1448.19,3198.24,1331.56,2922.15,1259.19,2683.11,1275.71,2492.46,1357.68,2396.13,1442.36,2407.19,1430.59,2194.29,1431.02,2220.1,1442.52,2250.83,1579.51,2384.5,1596.39,2088.19,1576.33,1870.56,1568.1,1691.45,1694.51,2436.06,1752.96,2163.27,1748.96,1976.38,1753.58,1817.08,1792.27,2558.96,1860.26,2362.25,1880.53,2237.94,1908.63,2112.19
T4M1L028.jpg,Arala,left,1368.26,3058.92,1075.4,2880.77,898.2,2606.09,828,2346.08,914.27,2151.95,1134.77,2162.95,1110.41,1892.35,1053.42,1968.49,1016.25,2083.03,1323,2099.54,1264.64,1756.02,1215.37,1482.8,1171.62,1238.41,1502.91,2134.18,1464.35,1796.38,1419.56,1542.39,1378.56,1320.49,1687.09,2250.91,1674.58,1989.62,1661.97,1804.4,1645.52,1614.44
T4M1L029.jpg,Arala,left,1370.5,3286.05,1084.62,3114.39,952,2816.08,936.43,2569.72,1004.37,2347.96,1227.33,2328.36,1254.06,2053.36,1254.47,2091.76,1242.25,2149.22,1473.98,2306.9,1519.12,1885.54,1549.09,1498.92,1556.98,1145.32,1693.46,2372.72,1748.32,1981.74,1771.86,1630.74,1774.58,1321.62,1910.98,2513.46,1955.33,2217.86,1972.73,1972.17,1968.25,1719.02
T4M1L030.jpg,Arala,left,1427.67,3462.22,1101.77,3098.36,983.61,2687.69,1001.73,2292.02,1144.65,1973.41,1275.78,2258.59,1384.27,1904.42,1423.02,1919.45,1449.01,1976.09,1527.23,2245.17,1638.68,1820.11,1750.9,1472.55,1847.38,1159.5,1751.53,2330.9,1858.61,1946.77,1953.42,1657.6,2032.45,1405.94,1964.62,2484.86,2057.09,2179.4,2125.17,1952.55,2194.91,1719.49
T4M1L031.jpg,Arala,left,1175.79,2881.7,985.72,2298.17,974.54,1920.39,1040.57,1639.17,1139.89,1478.89,1376.06,1679.57,1488.72,1321.45,1470.55,1163.77,1449.41,1051.78,1530.69,1762.68,1676.27,1334.77,1705.29,1078.64,1736.19,887.45,1633.29,1887.93,1792,1507.06,1834.66,1269.21,1862.27,1085.56,1690.15,2052.34,1818.71,1751.36,1851.53,1551.97,1872.41,1380.37
T4M1L032.jpg,Arala,left,1543.66,3215.12,1148.65,3044.18,925.35,2686.68,881.78,2406.64,1009.01,2209.06,1273.4,2131.75,1250.95,1824.17,1222.31,1953.61,1206.06,2072.61,1559.9,2094.12,1524.14,1615.91,1523.53,1233.22,1520.61,887.09,1812.35,2174.09,1801.19,1717.32,1795.35,1382.67,1778.81,1088.08,2052.15,2355.86,2046.39,1980.95,2040.97,1721.97,2021.93,1456.22
T4M1L033.jpg,Arala,left,1473.48,2853.83,1125.19,2331.45,968.94,1909.59,934.95,1542.81,1055.58,1296.47,1406.79,1524.62,1443.06,1145.98,1402.11,1156.45,1382.42,1210.65,1632.92,1522.75,1707.16,1042.89,1749.12,664.17,1796.99,330.75,1832.67,1613.4,1923.5,1156.62,1977.66,801.77,2021.32,495.78,2025.35,1782.44,2109.76,1424.89,2158.81,1158,2200.52,887.92
T4M1L034.jpg,Arala,left,1622.27,3027.01,1191.47,2843.11,920.51,2641.07,776.04,2496.26,738.5,2376.78,1232.28,2067.52,1276.2,1710.13,1351.96,1831.44,1427.99,1928.93,1557.6,2013.81,1522.68,1433.18,1553.35,1003.86,1615.94,615.3,1833.77,2035.63,1806.91,1490.67,1844.58,1107.23,1891.21,764.94,2060.96,2129.62,2047.46,1704.75,2066.28,1430.15,2061.09,1144.96
T4M1L035.jpg,Arala,left,1188.56,2946.27,862.35,2572.07,810.69,2129.67,951.6,1730.39,1194.36,1396.35,1263.71,1579.64,1476.69,1204.56,1569.43,1162.24,1633.19,1155.54,1569.44,1646.53,1802.2,1131.82,1996.23,708.95,2166.03,342.25,1803.05,1809.85,2015.22,1357.34,2171.4,989.51,2305.15,673.59,1993.18,2054.16,2146.67,1692.18,2242.85,1408.47,2336.25,1134
T4M1L036.jpg,Arala,left,1058.53,2642.84,806.78,2146.61,801.34,1650.71,994.4,1253.69,1275.27,981.1,1295.84,1162.43,1536.59,819.9,1633.81,748.3,1694.57,714.44,1568.24,1267.61,1836.43,804.55,2048.52,430.04,2217.9,126.59,1767.44,1458.96,2016.81,1056.32,2164.7,744.17,2266.68,488.03,1925.32,1739.21,2091.32,1400.77,2190.66,1163.25,2268.02,949.67
T4M1L038.jpg,Arala,left,1541.5,2946.77,1347.36,2732.01,1254.59,2494.04,1228.27,2278.83,1268.28,2091.98,1406.9,2197.65,1418.91,1993.51,1401.46,2033.9,1391.39,2094.03,1551.57,2178.12,1543.16,1926.76,1535.05,1718.99,1526.98,1523.64,1686.8,2228.56,1687.55,1985.43,1676.81,1800.05,1667,1628.54,1828.28,2335.6,1833.96,2140.16,1832.88,1995.64,1833.81,1840.88
T4M1L039.jpg,Arala,left,1623.51,2944.66,1490.08,2968.21,1436.54,2852.53,1500.59,2781.37,1597.68,2711.61,1577.1,2273.85,1670.61,2084.92,1745.47,2088.01,1789.94,2091.65,1750.16,2196.94,1828.53,1853.41,1920.95,1638.3,1989.34,1451.61,1898.41,2203.45,1977.2,1876.13,2051.58,1662.47,2106.76,1483.45,2048.16,2279.53,2100.73,2022.45,2135.47,1841.96,2157.4,1678.59
T4M1L040.jpg,Arala,left,1733.69,3096.69,1364.04,2957.38,1144.51,2667.43,1106.5,2367.09,1286.12,2144,1405.64,2179.7,1396.28,1869.36,1360.42,1928.05,1348.96,2047.36,1650.74,2106.62,1640.2,1764.02,1637.55,1484.52,1626.2,1228.04,1883.08,2140.09,1860.89,1813.84,1843.73,1573.64,1824.3,1366.05,2123.11,2247.94,2096.3,1986.56,2085.24,1788.16,2077.8,1581.65
T4M1L041.jpg,Arala,left,1467.28,3260.79,1139.89,3119.07,983.95,2799.19,1012.11,2549.08,1222.09,2353.69,1389.44,2173.91,1420.4,1904.1,1437.99,1968.56,1471.12,2061.35,1655.66,2143.22,1759.74,1756.15,1864.39,1380.8,1951.73,1032.12,1881.59,2247.17,1986.52,1888.05,2069.35,1555.05,2148.49,1255.48,2084.14,2465.51,2163.08,2196.77,2207.54,1941.9,2260.83,1671.01
T4M1L042.jpg,Arala,left,1330.27,3320.68,1037.77,2969.58,890.05,2572.8,827.13,2226.19,882.91,1951.58,1198.72,2086.8,1223.81,1692.04,1193.58,1754.29,1185.06,1873.94,1415.29,2044.33,1420.16,1536.66,1422.05,1186.24,1426.75,882.1,1609.26,2123.48,1618.28,1649.81,1620.76,1337.08,1623.09,1060.96,1807.21,2300.95,1805.18,1943.36,1816.17,1702.69,1838.36,1440.02
T4M1R001.jpg,Arala,right,613.97,1213.56,724.73,1110.47,783.27,976.51,783.96,872.37,709.07,799.68,673.41,747.81,683.92,634.46,691.58,684,685.72,731.87,580.41,733.31,586.25,555.97,591.08,414.15,593.79,277.12,501.29,767.58,505.96,604.77,506.54,471.09,507,341.23,429.75,845.08,435.68,718.31,440.56,617.09,447.76,504.31
T4M1R003.jpg,Arala,right,470.29,1212.08,605.45,1062.39,671.24,886.34,674.96,736.28,642.91,625.19,577.28,674.61,568.36,546.1,549.95,510.45,536.52,476.47,490.31,669.54,477.13,477.03,466.94,333.62,460.9,209.7,417.14,701.5,405.53,519.17,399.52,384.97,398.86,268.03,345.25,771.48,337.18,627.92,333.6,522.8,333.35,419.06
T4M1R005.jpeg,Arala,right,400.86,1032.75,505.34,995.79,577.34,901.48,605.01,810.17,606.19,743.27,524.57,731.39,529.91,625.37,533.03,558.78,534.63,500.79,455.52,720.01,462.93,595.88,469.69,498.1,473.12,415.11,393.21,734.39,399.84,620.01,407.17,531.94,414.4,457.58,328.99,772.08,335.7,681.77,345.27,616.59,357.41,550.43
T4M1R007.jpeg,Arala,right,459.46,1053.41,548.15,976.79,600.31,863.69,592.72,755.09,535.88,673.26,536.58,710.05,522.95,591.75,522.35,575.41,523.53,567.43,467.38,704.01,465.77,569.29,467.57,470.14,474.31,378.17,401.23,726.73,397.36,605.76,395.14,512.34,399.32,427.6,333.6,774.33,328.79,676.21,325.3,606.31,329.85,533.33
T4M1R008.jpeg,Arala,right,456.95,992.05,564.02,888.07,640.82,796.16,687.95,719.45,728.73,660.06,558.29,661.37,557.54,551.11,555.59,491.16,553.34,438.64,504.49,659.71,527.8,526.87,533.67,436.26,529.95,359.04,454.35,680.01,456.8,562.94,443.24,474.37,425.05,397.04,409.95,716.77,414.5,615.91,413.3,546.81,409.46,476.33
T4M1R010.jpg,Arala,right,1509.6,3504.85,1889.91,3079.57,2148.33,2637.05,2268.08,2305.64,2145.07,2093.42,1704.14,2013.95,1744.22,1638.49,1831.37,1710.07,1897.6,1789.34,1449.99,1992.36,1432.09,1479.31,1489.92,1088.61,1557.05,705.09,1229.87,2115.83,1219.67,1649.57,1244.89,1282.55,1280.55,919.47,1027.96,2368.19,1012.01,2019.41,1023.56,1761.55,1046.75,1457.29
T4M1R011.jpg,Arala,right,1777.63,3593.38,2013.87,3187.9,2106.12,2681.17,2144.91,2234.21,2215.48,1785.85,1681.64,2129.74,1495.44,1527,1378.59,1115.49,1272.1,774.29,1486.16,2177.41,1312.66,1585.49,1196.49,1179,1107.62,860.05,1334.76,2289.46,1142.31,1824.24,1038.13,1521.76,944.11,1292.91,1213.58,2438.34,1082.95,2075.17,1051.6,1881.64,1028.15,1724.13
T4M1R012.jpg,Arala,right,1855.37,3594.92,2164.87,3145.37,2261.08,2575.54,2219.58,2083.55,2116.2,1697.3,1855.6,2003.91,1731.99,1558.67,1674.1,1490.47,1631.29,1440.9,1564.8,2031.04,1440.56,1428.52,1342.13,1017.6,1273.18,651.37,1325.67,2165.41,1204.4,1612.62,1131.31,1249.59,1073.21,934.33,1108.76,2400.4,1008.02,1968.83,963.57,1699.04,931.21,1433.66
T4M1R013.jpg,Arala,right,1917.64,3544.79,2270.61,3037.48,2326.37,2482.05,2103.48,2036.6,1847.34,1771.13,1955.55,1983.71,1814.97,1549.85,1717.96,1406.89,1645.33,1278.52,1651.12,2008.27,1486.9,1412.41,1368.23,1031.76,1283.75,697.64,1414.59,2120.62,1233.07,1565.27,1114.24,1208.07,1041.34,885.46,1210.2,2330.38,1035.25,1875.14,928.32,1582.35,852.64,1284.73
T4M1R014.jpg,Arala,right,1668.83,3467.08,1978.48,2906.43,2128.45,2350.09,2288.42,1871.19,2418.37,1461.08,1614.25,1928.89,1632.65,1495.44,1750.35,1437.59,1835.81,1418.11,1385.31,1926.94,1323.53,1380.84,1301.57,998,1287.83,636.13,1190.5,2041.81,1104.65,1526.75,1041.76,1148.63,989.9,788.76,1017.04,2257.31,937.55,1829,882.05,1538.51,820.03,1236.84
T4M1R015.jpg,Arala,right,1554.15,3475.86,1857.52,3150.27,2000.32,2675.03,2026.98,2253.56,2023.8,1895.08,1667.74,2066.79,1706.01,1567.02,1749.14,1395.83,1784.68,1254.5,1408.67,2083.72,1451.44,1419.1,1503.7,957.01,1553.16,551.9,1194.25,2182.3,1207.64,1597.09,1249.21,1154.35,1288.82,759.54,1003.36,2367.38,971.25,1908.89,965.9,1601.4,982.91,1273.88
T4M1R017.jpg,Arala,right,1356.58,2203.78,1521.56,2107.65,1622.43,1949.33,1654.24,1799.37,1625.57,1660.77,1545.87,1710.39,1559.56,1557.06,1564.02,1542.36,1555.37,1537.51,1447.55,1686.61,1460.57,1491.43,1459.15,1346.08,1456.85,1208.34,1353.34,1707.77,1367.5,1528.6,1368.47,1386.47,1370.57,1255,1256.92,1766.9,1278.82,1624.04,1289.05,1513.01,1301.35,1396.25
T4M1R018.jpg,Arala,right,1463.79,2353.22,1615.88,2242.97,1689.36,2050.89,1661.38,1885.62,1519.77,1754.38,1567.08,1762.73,1561.92,1583.61,1562.9,1637.78,1545.36,1703.91,1439.49,1746.67,1420.92,1510.16,1383.29,1336.41,1357.02,1168.86,1324.15,1793.68,1303.15,1579.37,1261.57,1421.05,1231.59,1272.57,1224.42,1895.52,1202.13,1725.43,1186.83,1604.98,1184.12,1482.36
T4M1R020.jpg,Arala,right,1370.4,2248.96,1568.53,2134.01,1711.96,1956.41,1776.53,1788.64,1706.99,1658.78,1597.72,1625.74,1626.24,1453.93,1638.59,1493.89,1640.51,1540.61,1474.18,1579.61,1510.81,1350.29,1544.95,1176.2,1578.69,1012.13,1353.7,1604.76,1389.99,1386.75,1419.07,1226.23,1451.32,1082.55,1227.43,1687.17,1259.31,1516.62,1289.48,1392.4,1325.71,1263.06
T4M1R022.jpg,Arala,right,1412.52,2153.1,1540.61,2056.74,1603.18,1880.17,1555.55,1732.73,1471.64,1643.78,1536.17,1677.91,1525.28,1541.93,1507.61,1507.85,1491.42,1476.66,1434.34,1660.28,1445.81,1494.88,1455.75,1364.51,1465.81,1246.77,1340.89,1679.7,1351.35,1520.37,1363.83,1399.07,1377.9,1286.05,1239.88,1739.19,1249.69,1602.37,1260.47,1506.37,1273.46,1404.93
T4M1R023.jpg,Arala,right,1612.26,2098.6,1608.03,1949.07,1589.82,1798.61,1563.11,1622.37,1535.17,1443.43,1688.49,1731.22,1670.02,1501.09,1638.34,1335.17,1623.58,1169.96,1654.2,1729.46,1635.65,1512.25,1582.33,1338.54,1537.45,1159.08,1605.04,1729.71,1511.29,1620.36,1519.51,1634.04,1544.24,1610.65,1547.37,1749.89,1475.57,1702.45,1486.7,1708.69,1513.1,1698.64
T4M1R025.jpg,Arala,right,1819.09,2746.63,1983.4,2537.63,2039.03,2271.81,2011.51,2041.9,1869.07,1889.56,1782.94,1998.18,1735.51,1767.61,1779.34,1786.07,1801.31,1831.75,1624.75,2007.78,1554.69,1730.19,1501.69,1515.86,1444.27,1312.56,1493.44,2086.9,1427.58,1826.16,1375.77,1626.15,1327.37,1442.79,1377.99,2218.75,1320.34,2011.76,1287.04,1855.64,1256.78,1691.24
T4M1R026.jpg,Arala,right,1928.36,2626.99,2198.12,2647.74,2376.13,2508.84,2461.04,2371.77,2441.56,2175.59,2130.92,2056.32,2177.48,1801.44,2227.26,1913.4,2273.44,2039.61,1936.97,1971.13,1989.49,1501.34,2049.71,1179.89,2094.29,898.32,1769.6,1948.65,1772.73,1525.49,1770.52,1184.88,1764.33,910.09,1628.53,1988.76,1580.75,1698.74,1524,1474.11,1467.69,1246.07
T4M1R028.jpg,Arala,right,2372.01,3294.92,2500.94,2917.04,2532.46,2553.2,2514.01,2260.31,2398.94,2080.47,2133.24,2278.93,2060.62,1963.46,2119.43,1944.85,2171.43,1953.98,1943.32,2323.97,1813.48,1957.02,1737.64,1699.97,1662.86,1463.64,1808.02,2439.44,1663.22,2128.31,1564.43,1901.64,1474.32,1687.59,1712.92,2623.56,1584,2388.58,1515.78,2238.92,1447.45,2071.95
T4M1R030.jpg,Arala,right,1979.29,2465.21,2177.34,2282.28,2298.33,2055.81,2367.38,1865.54,2327.39,1704.28,2097.39,1721.92,2125.25,1512.68,2177.68,1537.94,2188.42,1581.95,1968.38,1688.47,1930.23,1419.64,1910.67,1209.64,1890.37,1005.15,1845.87,1734.28,1808.25,1475.13,1777.54,1272.45,1752.42,1076.5,1726.58,1840.37,1708.17,1631.28,1698.78,1467.25,1689.4,1289.33
T4M1R032.jpg,Arala,right,1900.1,3186.64,2166.8,2806.93,2276.1,2447.2,2237.32,2156.99,2038.21,1986.81,1933.56,2095.02,1869.72,1792.96,1885.95,1740.83,1902.03,1718.67,1735.46,2098.36,1661.84,1737.96,1618.86,1490.3,1586.56,1262.66,1576.19,2179.69,1500.52,1838.68,1442.19,1600.01,1406.25,1385.52,1441.4,2329.92,1380.29,2051.19,1335.88,1861.8,1308.07,1667.85
T4M1R033.jpg,Arala,right,2068.95,3072.92,2226.56,2659.75,2231.11,2311.67,2095.49,2024.7,1837.82,1847.97,1883.75,2066.8,1755.65,1774.84,1723.94,1703.28,1713.57,1649.32,1708.27,2104.82,1569.65,1774.89,1503.65,1539.02,1467.87,1316.63,1580.39,2211.39,1435.89,1891.13,1375.45,1686.73,1338.43,1510.52,1483.93,2378.45,1362.2,2114.04,1313.19,1949.89,1290.8,1791.4
T4M1R034.jpg,Arala,right,1958.33,2950.75,2203.89,2648.92,2325.78,2282.92,2365.2,1960.57,2313.57,1696.12,2016.35,1843.43,2004.07,1510.62,2045.75,1421.45,2076.22,1364.55,1815.59,1847.56,1794.29,1447.25,1791.8,1142.7,1782.41,859.94,1644.11,1944.23,1610.6,1567.43,1598.73,1273.84,1588.47,1009.22,1485.65,2117.47,1448.39,1809.12,1428.35,1577.59,1407.51,1340.16
T4M1R035.jpg,Arala,right,2074.07,3099.66,2392.35,2875.9,2596.99,2538.62,2689.39,2202.13,2748.25,1912.66,2248.38,2110.47,2244.32,1617.65,2251.22,1353.18,2259.32,1151.49,2056.76,2099.02,2097.32,1519.37,2145.44,1151.39,2178.38,876.79,1911.42,2148.26,1898.73,1654.01,1898.8,1324.08,1903.01,1075.96,1807.05,2246.52,1778.77,1854.31,1765.52,1606.55,1757.32,1385.7
T4M1R036.jpg,Arala,right,2645.06,2779.28,2916.66,2297.73,3010.28,1874.16,3003.67,1510.59,2819.49,1253.5,2572.48,1488.98,2533.68,1128.61,2610.19,1161.26,2663.46,1221.63,2309.31,1469.65,2222.04,1042.66,2184.02,750.9,2160.03,452.73,2094.74,1562.93,2008.64,1146.33,1958.27,877.66,1931.36,607.1,1912.54,1739.67,1848.43,1397.01,1815.53,1171.13,1794.75,921.7
T4M1R037.jpg,Arala,right,2161.08,2982.31,2571.37,2699.96,2739.31,2228.64,2726.41,1810.13,2637.98,1528.9,2132.65,1629.21,1901.39,1234.52,1785.49,1036.23,1717.53,911.81,1799.92,1681.72,1542.09,1195.41,1399.21,901.85,1322.17,698.07,1543.75,1829.81,1249.98,1359.42,1159.8,1097.9,1133.25,910.69,1329.02,2062.33,1077.28,1650.21,1031.78,1420.94,1061.84,1224.83
T4M1R038.jpg,Arala,right,2423.99,2715.09,2538.62,2261.08,2442.69,1814.34,2167.76,1542.94,1848.9,1419.46,1910.93,1456.08,1643.27,1126.34,1539.15,1021.24,1464.89,931.97,1692.08,1590.93,1398.03,1194.37,1212.23,876.85,1059.65,586.77,1558.77,1792.99,1297.38,1444.32,1145.84,1167.13,1016.85,917.56,1477.31,2067.32,1276.93,1788.15,1169.44,1587.13,1073.36,1374.62
T4M1R040.jpg,Arala,right,1713.55,2772.7,1939.13,2540.07,2061.25,2274.91,2106.53,2027.09,2005.98,1829.07,1846.8,1929.47,1846.44,1672.9,1914.46,1757.63,1958.38,1879.71,1686.77,1898.53,1635.1,1598.42,1649.01,1426.87,1674.31,1269.1,1536.65,1958.47,1483.09,1674.5,1486.91,1520.6,1501.72,1379.6,1399.18,2083.4,1368.27,1863.73,1380.04,1721.14,1404.22,1572.3
T4M1R042.jpg,Arala,right,1449.04,3404.8,1953.25,2932.22,2220.71,2486.42,2288.71,2051.88,2130.86,1690.1,1857.71,1868.12,1875.76,1369.39,1920.72,1243.14,1963.91,1165.36,1576.81,1802.01,1583.36,1225.43,1607.58,835.57,1647.02,481.67,1324.02,1849.94,1323.54,1312.03,1330.59,941.07,1360.22,612.66,1084.13,1989.72,1098.87,1540.19,1107.31,1253.75,1144.58,970.16
T4M1R043.jpg,Arala,right,1577.97,3624.12,1983.51,3449.84,2253.3,3119.81,2303.2,2814.87,2170.28,2539.38,1995.79,2354.89,1982.86,1964.21,1920.13,1940.88,1889.59,1917.98,1689.98,2282.64,1708.39,1686.42,1719.66,1260.57,1738.55,860.75,1421,2325.83,1418.37,1763.53,1408.1,1338.35,1405.73,947.96,1178.65,2492.64,1109.26,2058.33,1072.16,1754.77,1067.06,1420.66
T4M2L036.jpg,Kapita,right,1724.42,2806.97,1782.28,2645.87,1872.53,2357.45,1889.64,2070.45,1922.18,1812.64,2032.38,2125.01,1803.07,1917.88,1688.16,2036.49,1674.1,2113.19,1938.94,2154.82,1645.06,2006.88,1587.28,2288.55,1668.53,2441.3,1828.3,2190.21,1563.04,2129.66,1560.44,2398.43,1639.6,2517.49,1724.98,2213.22,1555.26,2185.06,1555.09,2353.83,1599.59,2425.35
T4M2R001.jpg,Kapita,right,1749.28,2797.14,1516.57,2544.66,1542.71,2156.38,1581.4,1854.59,1591.73,1613.39,1921.09,1843.39,1514.86,1610.64,1389.72,1831.8,1490.76,1928.89,1941.03,1928.84,1451.76,1657.64,1323.57,1968.81,1451.3,2156.44,1885.02,2012.57,1431.1,1829.18,1365.22,2118.06,1480.69,2300.36,1797.47,2077.48,1566.26,1905.8,1509.95,1991.59,1526.25,2053.63
T4M2R003.jpg,Kapita,right,1365.87,2837.89,1543.95,2601.04,1565.72,2164.48,1475.5,1710.34,1451.36,1251.24,1775.56,1584,1529.88,1281.47,1418.06,1297.67,1395.5,1303.44,1549.75,1646.68,1133.93,1537.82,1144.25,1976.37,1269.56,2148.35,1310.46,1748.37,943,1768.3,1042.74,2198.01,1183.66,2341.78,1073.21,1830.87,848.06,1906.77,925.34,2205.6,998.21,2302.01
T4M2R004.jpg,Kapita,right,1774.73,2714.97,1970.41,2291.58,1825.86,1786.86,1610.03,1425.87,1399.47,1143.04,1616.81,1699.56,1367.04,1528.77,1168.62,1369.49,949.76,1235.02,1361.01,1940.77,1256.22,1962.85,1474.3,2215.88,1574.06,2270.55,1180.63,2255.01,1169.99,2268.66,1381.45,2468,1470.32,2507.55,1056.84,2512.32,1075.4,2527.03,1247.53,2659.99,1310.6,2702.65
T4M2R006.jpg,Kapita,right,1783.47,3273.69,1351.85,2757.02,1212.88,2250.17,1165.88,1850.96,1263.33,1607.3,1698.96,1810.73,1467.99,1272.53,1242.43,1144.71,1098.35,1131.47,1778.51,1915.99,1512.05,1392.39,1268.19,1344.99,1120.54,1354,1780.95,2056.93,1449.75,1718.41,1250.08,1870.85,1169.4,2014.54,1746.36,2170.88,1476.26,1960.77,1333.54,2032.59,1261.59,2125.47
T4M2R007.jpg,Kapita,right,1572.53,3289.45,1393.25,2985.59,1268.4,2492.92,1156.64,1953.06,1107.28,1513.21,1788.22,2263.49,1574.36,1482.2,1296.5,1220.56,1067.07,1122.32,1746.35,2259.92,1479.84,1462.47,1208.9,1299.13,1001.29,1264.33,1632.5,2262.14,1340,1591.29,1123.26,1525.25,976.81,1552.55,1480.16,2259.4,1251.4,1788.13,1108.38,1722.12,992.5,1741.02
T4M2R008.jpg,Kapita,right,1676.05,3130.22,1898.45,2672.69,1869.98,2198.5,1664.79,1803.81,1477.74,1491.48,1758.38,1642.28,1606.08,1206.4,1516.26,1181.53,1452.09,1241.79,1477.74,1793.86,1250.64,1491.56,1387.41,1886.62,1509.76,2082.11,1255.22,1994.91,1049.88,1892.82,1276.1,2279.33,1423.55,2357.78,1073.14,2205.27,948.72,2200.99,1148.29,2464.4,1269.42,2523.99
T4M2R011.jpeg,Kapita,right,494.55,1040.83,551.07,938.32,562.32,808.49,533.1,686.15,517.72,576.25,565.29,693.78,525.08,593.81,489.11,555.53,463.47,530.07,503.56,702.74,455.63,652.34,464.39,713.28,479.28,726.62,440.43,724.19,384.75,710.08,410.42,830.97,433.62,880.15,372.75,753.47,343.22,747.23,371.7,832.98,390.49,867.87
T4M2R014.jpeg,Kapita,right,390.78,901.72,393.25,778.25,399.71,678.47,392.94,601.31,383.51,534.32,432.87,658.84,376.86,589.28,361.11,590.87,365.82,594.32,404.3,688.95,331.92,638.22,324.04,681.76,338.67,711.69,373.35,716.83,307.27,683.82,307.86,734.71,324.71,763.65,342.38,741.17,301.43,719.15,302.1,746.95,313.49,761.32
T4M2R016.jpeg,Kapita,right,530.25,1092.95,552.48,962.26,527.91,813.78,468.55,683.44,434.57,573.09,508.77,700.26,466.95,552.82,433.97,504.72,402.96,469.63,460.47,738.28,382.21,682.46,409.51,786.2,428.83,825.66,414.65,780.24,359,748.17,400.72,841.31,419.75,872.79,366.8,821.04,338.36,789.76,372.26,851.22,381.74,880.1
T4M2R019.jpg,Kapita,right,1418.78,1760.59,1562.69,1545.28,1597.21,1345.41,1614.84,1207.33,1624.83,1106.94,1374.7,1178.1,1487.83,978.96,1592.89,886.81,1658.06,834.79,1304.94,1203.22,1589.8,1061.66,1649.6,1202.59,1576.56,1276.51,1294.64,1258.99,1589.21,1155.93,1619.33,1301.06,1532.28,1370.2,1318.41,1330.43,1567.66,1261.07,1602.33,1376.12,1517.74,1445.95
T4M2R021.jpg,Kapita,right,1148.88,2007.42,1226.66,1785.05,1242.83,1604.41,1265.77,1476.46,1279.7,1369.2,989.08,1457.04,1087.84,1286.66,1166.49,1217.64,1210.52,1189.03,974.42,1508.64,1304.89,1425.57,1344.86,1547.43,1263.56,1616.28,1024.78,1586.42,1366.05,1537.74,1361.59,1657.41,1264.46,1704.91,1099.87,1682.22,1378.79,1654.61,1377.92,1765.41,1285,1818.46
T4M2R022.jpg,Kapita,right,1217.02,2057.12,1352.9,1800.71,1379.19,1625.12,1405.92,1486.97,1433.28,1354.93,1170.58,1428.62,1257.38,1230.11,1329.78,1152.11,1377.57,1115.57,1114.69,1472.31,1377.6,1315.95,1447.87,1423.91,1415.83,1495.73,1124.17,1539.15,1396.07,1424.7,1433.14,1535.27,1387.53,1594.18,1165.28,1624.44,1402.72,1542.02,1439.85,1623.18,1386.62,1672.19
T4M2R023.jpg,Kapita,right,1250.07,2069.78,1371.37,1817.96,1416.13,1623.11,1446.83,1480.16,1461.64,1389.4,1218.97,1380.84,1346.17,1183.45,1427.3,1126.23,1472.09,1102.97,1168.42,1412.52,1578.53,1382.65,1583.18,1531.28,1474.6,1589.13,1192.84,1503.81,1606.79,1535.07,1553.63,1664.27,1432.17,1696.73,1243.75,1634.94,1578.4,1672.59,1544.55,1786.43,1432.27,1821.9
T4M2R024.jpg,Kapita,right,1408.48,2055.85,1474.46,1719.69,1494.31,1543.01,1503.7,1406.79,1519.12,1295.95,1320.99,1308.18,1434,1098.3,1485.81,1059.99,1468.36,1050.84,1293.16,1368.18,1611.13,1210.82,1693.93,1308.86,1649.62,1369.76,1328.48,1446.98,1648.3,1343.16,1705.52,1463.85,1651.8,1524.14,1399.9,1544.63,1660.42,1474.94,1710.85,1563.06,1667.85,1610.66
T4M2R029.jpg,Kapita,right,1951.9,2683.27,2230.5,2466.54,2381.05,2149.37,2282.45,1840.55,2109.84,1623.12,2347.29,1637.79,2365.14,1303.72,2311.61,1170.86,2261.29,1099.62,2098.1,1654.79,2027.9,1536.22,2074.44,1886.81,2130.87,2020.41,1877.44,1723.22,1813.17,1713.94,1927.11,2046.81,1992.3,2118.85,1676.33,1812.28,1648.94,1802.73,1761.93,2047.32,1816.23,2121.75
T4M2R031.jpg,Kapita,right,2440.46,3128.87,2543.9,2828.67,2533.53,2521.21,2453.7,2226,2421.91,1961.94,2517.77,2281.32,2391.52,2012.62,2318,1952.59,2288.11,1932.94,2368.13,2362.62,2175.33,2201.52,2187.73,2413.17,2219.49,2519.07,2230.65,2461.23,2074.34,2376.69,2127.4,2604.02,2171.13,2702.25,2101.27,2560.47,2015.98,2506.6,2068.82,2657.13,2092.71,2738
T4M2R033.jpg,Kapita,right,1820.41,2461.84,2053.2,2256.8,2134.71,1969.44,2091.11,1711.24,2010.57,1531.99,1987.92,1741.05,1957.94,1536.9,1970.1,1573.16,1966.54,1610.07,1828.54,1786.79,1788.64,1591.71,1866.12,1814.7,1872.04,1923.04,1666.54,1867.63,1628.74,1702.82,1726.9,1931.93,1735.21,2044.77,1500.66,1982.28,1498.45,1847.08,1598.72,1993.22,1615.54,2094.41
T4M2R035.jpg,Kapita,right,1767.33,3172.84,1532.42,2971.07,1467.84,2669.25,1452.8,2403.99,1498.58,2216.5,1684.76,2412.37,1599.24,2060.79,1490.23,1924.98,1404.28,1871.92,1742.62,2417.27,1630.74,2059.69,1486.06,1980.38,1377.05,1952.74,1766.53,2454.31,1593.14,2230.45,1510.51,2320.23,1483.74,2411.22,1765.82,2481.53,1617.36,2362.57,1549.33,2415.09,1521.81,2481.32
T4M2R036.jpg,Kapita,right,1825.67,2950.5,1922.06,2586.24,1877.83,2265.02,1743.03,1994.24,1685.3,1748.79,1851.49,2082.79,1776.99,1847.84,1695.13,1720.14,1640.16,1612,1709.57,2147.81,1631.14,1960.2,1669.41,2038.67,1701.02,2048.8,1566.22,2234.33,1471.75,2095.16,1564.64,2361.33,1624.5,2503.81,1416.5,2352.89,1380.07,2242.14,1466.01,2421.61,1504.34,2527.26
T4M2R037.jpg,Kapita,right,2297.47,2793.37,2440.2,2440.87,2355.22,2032.52,2156.71,1727.84,2044.04,1474.3,2112.34,1771.93,2052.34,1552.42,2048.41,1443.17,2061.95,1362.04,1914.67,1899.47,1798.69,1742.43,1948.98,1974.87,2041.66,2119.88,1730.55,2070.26,1605.86,1908.48,1826.88,2168.87,1948.18,2339.93,1572.28,2298,1484.65,2133,1669.93,2277.42,1775.13,2402.95
T4M2R038.jpg,Kapita,right,2238.62,2434.02,2354.07,1941.45,2313.17,1554.1,2212.23,1228.09,2093.57,983.11,1992.88,1467.54,1880.15,1149.46,1901.08,1068.12,1924.06,1066.84,1846.29,1516.13,1664.31,1160.19,1832.23,1181.79,1961.71,1305.62,1708.24,1613.66,1525.63,1283.91,1737.04,1331.78,1887.64,1482.08,1567.02,1765.94,1443.74,1489.4,1609.59,1490.04,1773.09,1610.03
T4M2R039.jpg,Kapita,right,2030.21,2399.37,1968.28,2145.8,1866.58,1828.09,1686.58,1552.94,1486.91,1357.71,1826.46,1391.83,1612.46,1029.56,1444.09,1030.96,1350.43,1154.44,1773.66,1404.73,1568.32,1045.99,1408.68,1096.9,1349.11,1221.59,1726.43,1488.39,1528.15,1234.85,1409.62,1342.74,1394.53,1469.03,1672.67,1611.49,1519.04,1457.12,1434.81,1505.38,1417.94,1571.52
T4M2R042.jpg,Kapita,right,1914.28,2867.41,1804.92,2404.92,1597.68,2069.34,1328.92,1823.6,1185.3,1562.55,1253.79,1922.66,995.81,1669.16,933.84,1541.33,908.68,1448.65,1137.19,2150.49,882.33,2013.9,1171.83,2187.06,1288.62,2265.81,1066.42,2403.64,888.91,2334.85,1219.2,2479.92,1331.66,2531.61,1039.23,2659.93,918.7,2608.03,1162.14,2678.05,1259.15,2728.5
T4M2R046.jpg,Kapita,right,1733.76,2796.7,1853.78,2357.97,1862.39,2008.55,1750.02,1717.88,1681.59,1525.13,1715.6,1844.89,1596.72,1508.16,1527.62,1439.11,1486.5,1397.33,1546.79,1922.52,1384.78,1605.46,1425.69,1785.91,1448.72,1888.77,1392.6,2017.32,1233.55,1765.34,1325.69,1999.63,1363.76,2131.77,1249.75,2136.17,1142.5,1937.83,1231.76,2079.93,1262.92,2194.11
T4M2L004.jpg,Kapita,left,1185.52,3333.52,1098.83,2746.13,1230.64,2192.39,1464.08,1766.21,1588.17,1426.04,1253.34,1884.76,1482.29,1483.47,1656.42,1330.02,1790.24,1227.81,1440.55,2017.1,1674.54,1566.52,1759.11,1524.12,1840.28,1490.66,1615.03,2161.5,1787.39,1855.45,1725.27,2140.68,1710.02,2349.05,1803.27,2326.03,1931.85,2011.1,1861.13,2011.08,1816.45,2007.51
T4M2L007.jpeg,Kapita,left,407.21,935.07,394.2,845.17,390.43,749.84,399.68,671.75,407.39,602.68,364.15,671.66,385.51,566.22,421.18,552.97,441.93,562.82,397.16,689.34,428.62,592.84,465.82,609.07,478.66,634.42,430.77,714.44,458.02,639.9,484.99,659.72,491.98,684.98,464.14,744.11,481.41,690.41,495,692.13,496.01,706.03
T4M2L008.jpeg,Kapita,left,397.54,903.62,406.98,812.34,413.27,712.13,429.29,641.14,427.85,588.76,363.72,652.27,391.44,563.11,425,529.13,451.19,517.98,391.73,681.15,442.87,611.13,467.7,631.65,476.07,646.57,418.41,708.59,477.22,667.41,493.06,716.3,491.71,745.27,444,732.94,488.58,700.39,490.43,729.14,486.9,748.1
T4M2L009.jpeg,Kapita,left,346.62,933.68,430.56,889.1,493.46,793,551.95,717.43,592.08,648.22,418.54,660.78,502.06,570.51,561.55,553.66,600.29,559.33,420.8,671.43,514.84,599.43,563.94,622.38,588.51,649.93,432.14,690.87,513.62,645.85,548.76,679.95,566.66,709.8,445.9,707.89,511.05,680.96,534.6,702.24,546.93,721.36
T4M2L011.jpg,Kapita,left,1416.24,2447.29,1308.95,2121.57,1310.28,1920.94,1318.72,1762.05,1347.67,1642.11,1549.12,1786.34,1521.29,1549.12,1498.73,1416.07,1490.5,1311.33,1586.48,1821.53,1382.44,1642.41,1317.81,1769.35,1352.28,1833.47,1574.86,1874.41,1316.93,1721.24,1266.42,1864.14,1323.46,1943.14,1529.39,1932.5,1296.79,1823.24,1243.59,1926.28,1298.15,2000.78
T4M2L013.jpg,Kapita,left,1554.62,2204.12,1457.09,1965.23,1440.43,1800.59,1425.08,1680.34,1407.14,1579.45,1601.26,1637.24,1516.69,1449.04,1437.44,1402.58,1406.05,1394.44,1624.81,1654.33,1392.14,1494.88,1350.55,1598.56,1407.98,1669.44,1605.03,1691.34,1348.23,1577.93,1335.03,1703.4,1407.62,1775.09,1561.37,1738.68,1339.94,1678.13,1324.2,1777.29,1396.88,1842.18
T4M2L014.jpg,Kapita,left,1621.25,2201.64,1584.03,1987.31,1523.16,1802.98,1451.02,1675.14,1374.25,1594.12,1604.57,1577.81,1499.23,1393.83,1404.39,1341.44,1357.57,1355.01,1563.18,1623.63,1268.49,1580.18,1238.35,1684.76,1308.83,1731.92,1494.57,1716.89,1188.56,1752.44,1218.13,1873.7,1315.97,1901.62,1414.66,1846.22,1169.88,1902.26,1226.61,2027.83,1335.46,2064.17
T4M2L015.jpg,Kapita,left,1503.44,2276.36,1470.48,2060.42,1446.57,1889.07,1412.51,1751.93,1386.09,1647.65,1598.44,1752.71,1496.23,1568.12,1399.22,1499.41,1349.5,1468.76,1580.54,1811.65,1318.92,1700.33,1292.05,1793.99,1359.9,1838.56,1526.21,1895.67,1254.87,1823.43,1271.44,1925.18,1362.13,1966.78,1455.46,1990.1,1238.06,1947.77,1262.92,2031.01,1352.14,2070.45
T4M2L016.jpg,Kapita,left,1616.51,2085.78,1486.81,1823.66,1436.33,1667.41,1397.82,1563.35,1366.51,1481.83,1595.44,1466.8,1484.29,1282.85,1382.14,1269.52,1332.07,1315.73,1627.66,1484.47,1393.78,1285.29,1316.9,1347.65,1342.39,1418.31,1621.63,1526.36,1376.98,1392.64,1336.02,1510.79,1383.46,1596.54,1593.2,1580.16,1378.49,1499.66,1351.37,1586.15,1408.23,1663.99
T4M2L018.jpg,Kapita,left,1622.31,2512.55,1508.91,2218.43,1527.35,1936.83,1628.11,1701.75,1691.44,1476.27,1676.02,1799.42,1760.74,1616.23,1738.9,1550.22,1706.64,1507.65,1808.25,1868.44,1885.48,1699.52,1757.49,1923.48,1702.98,2062.94,1944.14,1962.54,2007.55,1817.76,1851.5,2047.34,1792.89,2176.9,2076.65,2081.91,2097.63,1961.1,1956.67,2103.56,1910.08,2204.8
T4M2L019.jpg,Kapita,left,1909.16,2513.18,1707.67,2238.54,1688.84,1905.71,1778.01,1620.9,1810.76,1351.54,1796.2,1693.11,1863.71,1453.18,1854.69,1402.61,1821.29,1393.27,1991.64,1769.88,2088.96,1556.58,1987.52,1802.43,1927.39,1962.84,2172.25,1880.58,2242.87,1732.59,2098.16,1999.34,2030.35,2139.29,2340.91,2023.79,2364.96,1926.57,2226.37,2114.34,2172.19,2228.6
T4M2L021.jpg,Kapita,left,1503.65,2611.47,1311.27,2347.05,1239.29,2093.75,1279.78,1834.18,1329.16,1629.9,1342.63,2005.42,1395.02,1740.91,1414.9,1651.55,1434.5,1587.24,1477.08,2031.22,1562.27,1784.56,1529.51,2001.39,1526.46,2149.69,1626.3,2068.15,1708.19,1845.24,1642.89,2077.74,1620.58,2230.46,1784.93,2118.33,1830.91,1943.06,1752.19,2092.52,1715.39,2220.45
T4M2L022.jpg,Kapita,left,1532.81,2646.36,1420.37,2405.78,1322.5,2101.87,1292.31,1859.35,1209.45,1610.4,1351.87,1945.25,1489.26,1737.38,1550.23,1847.99,1539.74,1935.03,1488.47,2058.88,1669.01,1870.5,1693.08,2054.48,1626.51,2158.04,1619.5,2153.81,1796.9,2012.29,1763.36,2211.29,1682.17,2303.89,1737.57,2232.11,1867.71,2152.82,1825.96,2283.8,1754.06,2351.42
T4M2L024.jpg,Kapita,left,1175.04,2782.32,1285.29,2560.4,1391.6,2240.48,1567.59,1928.81,1774.15,1623.27,879.24,1905.18,1036.16,1507.74,1222.35,1386.31,1361.28,1370.24,964.62,1947.16,1235.09,1593.51,1450.29,1686.19,1537.57,1817.45,1080.16,1977.69,1336.16,1689.98,1501.18,1797.68,1536.61,1918.4,1190.13,1969,1397.56,1793.22,1501.34,1840,1517.84,1905.21
T4M2L027.jpg,Kapita,left,1182.84,2494.74,1116.53,2018.31,1156.64,1654.16,1239.15,1340.44,1222.7,1083.93,1340.45,1608.16,1474.63,1272.17,1536.7,1096.4,1599.49,944.78,1483.5,1699.02,1614.25,1413.98,1467.01,1629.12,1393.15,1772.59,1641.06,1802.7,1764.45,1547.29,1586.79,1766.34,1507.04,1906.71,1795.02,1930.71,1894.84,1705.08,1737.68,1822.07,1652.78,1936.63
T4M2L029.jpg,Kapita,left,1143.02,2658.85,964.74,2101.92,974.89,1589.25,1095.52,1143.33,1112.75,792.15,1189.72,1441.16,1286.61,1030.78,1322.89,775,1353.15,558.47,1398.69,1537.07,1507.57,1158.24,1342.97,1449.16,1276.44,1655.28,1611.5,1672.79,1714.46,1337.4,1508.36,1659.55,1439.58,1864.04,1816.44,1859,1867.46,1586.06,1675.04,1784.99,1613.03,1950.38
T4M2L034.jpg,Kapita,left,1674.73,3322.85,1826.67,3159.7,1910.96,2873.07,1974.99,2627,1983.17,2414.53,1533.43,2567.53,1638.8,2261.4,1761.62,2208.4,1819.03,2188.37,1550.84,2561.1,1822.97,2319,1979.51,2502.85,1974.23,2608.41,1618.44,2574,1871.44,2400.08,1985.57,2612.76,1962.68,2723.02,1689.18,2589.07,1818.05,2472.75,1865.89,2584.07,1848.42,2644.75
T4M2L035.jpg,Kapita,left,1582.13,3141.72,1418.24,2781.78,1395.95,2455.38,1443.82,2200.07,1495.47,2024.32,1589.52,2249,1682.24,2031.84,1654.38,2139.32,1624.78,2213.13,1729.51,2311.13,1813.89,2098.38,1711.01,2332.17,1663.17,2437.92,1867.28,2396.39,1936.54,2205.54,1813.62,2430.26,1764.14,2537.8,1991.98,2503.61,2034.35,2333.8,1923.06,2467.9,1885.36,2565.29
T4M2L038.jpg,Kapita,left,1466.75,2970.12,1333.88,2478.85,1448.71,2034.41,1710.45,1664.27,1872.56,1349.75,1558.82,1715.09,1742.56,1374.91,1805.71,1288.11,1837.44,1238.74,1768.4,1858.06,1997.92,1575.96,1892.51,1831.82,1831.97,1980.64,1953.1,2037.67,2159.48,1838.08,1994.76,2105.04,1924.36,2241.36,2111.98,2240.19,2216.46,2113.15,2071.76,2290.8,2032.75,2391.66
T4M2L039.jpg,Kapita,left,1870.12,2906.23,1572.3,2622.15,1421.15,2212.1,1466.73,1842.67,1489.88,1535.81,1649,1659.05,1738.72,1416.48,1757.16,1363.86,1780.24,1305.79,1952.08,1716.71,1973.07,1832.18,1870.01,2268.89,1803.94,2435.03,2201.19,1849.46,2196.99,2098.76,2036.78,2470.66,1963.39,2535.79,2426.96,2037.09,2406.02,2228.49,2230.28,2500.14,2156.88,2547.09
T4M3L002.jpg,Kartari,left,1362.89,1922.61,1316,1971.56,1298.87,2065.38,1316.43,2172.39,1349.4,2268.64,1248.86,2156.41,1242.91,2319.26,1258.05,2413.76,1279.16,2480.38,1305.02,2168.07,1326.2,2339.82,1355.4,2431.27,1379.55,2489.83,1361.28,2169.7,1398.59,2323.19,1427.29,2406.27,1445.69,2455.73,1412.07,2168.1,1447.5,2285.73,1470.12,2353.05,1486.94,2399.61
T4M3L004.jpg,Kartari,left,1033.96,3534.79,930.65,3282.12,1052.05,2840.7,1477.1,2562.2,1834.61,2419.46,1238.05,2186.61,1244.9,1690.15,1302.74,1333.62,1383.16,1033.64,1541.65,2245.16,1665.33,1701.49,1816.66,1304.6,1933.47,1008.78,1764.1,2415.53,1985.54,2103.88,1908.81,2235.88,1843.97,2363.93,1932.28,2672.37,2120.92,2453.16,2094.59,2500.59,2054.72,2580.6
T4M3L005.jpg,Kartari,left,1251.51,3566.81,1258.93,3323.48,1326.73,2896.14,1485.42,2544.72,1610.46,2327.26,1436.91,2130.18,1412.99,1667.92,1396.94,1369.95,1399.21,1107.92,1522.2,2154.42,1639.05,1893.57,1604.4,2211.19,1528.15,2391.01,1564.77,2247.07,1664.87,2098.74,1652.63,2598.74,1603.49,2918.86,1575.41,2387.09,1620.79,2112.81,1592.19,2180.38,1533.4,2240.25
T4M3L008.jpeg,Kartari,left,315.75,1128.36,245.87,1054.65,223.31,954.51,223.5,899.31,245.93,884.79,360.59,846.28,393.76,745.92,398.44,682.77,402.45,637.6,404.68,879.08,419.99,785.42,355.64,803.59,313.52,833.24,435.86,927.19,445.24,843.71,372.93,860.02,329.45,892.58,460.45,986.88,465.36,919.25,421.26,910.28,389.72,924.73
T4M3L010.jpeg,Kartari,left,517.11,1110.87,442.26,1022.93,415.55,913.66,450.89,813.31,487.97,741.12,421.13,752.02,378.71,616.34,349.74,523.18,332.11,441.58,495.96,741.68,495.33,588.15,497.96,481.72,504.02,395.72,557.15,761.38,572.17,664.4,552.7,712.18,539.79,750.13,610.66,801.68,615.61,716.95,599.82,721.58,587.73,736.19
T4M3L011.jpeg,Kartari,left,372.46,1092.2,386.39,999.93,425.12,912.66,495.79,854.53,546.71,815.94,396.96,728.92,386.65,590.67,376.17,513.51,369.28,441.45,425.56,729.27,454.97,587.3,464.4,505.16,471.64,424.91,451.51,769.01,502.72,673.1,513.37,616.91,508.3,560.63,471.56,841.74,516.77,808.49,522.11,870.39,509.17,930.22
T4M3L012.jpeg,Kartari,left,587.12,1119.67,496.53,1055.44,456.27,956.91,508,862.38,581.07,797.69,453.84,780.72,422.02,635.78,400.46,540.1,395.08,463.09,553.15,777.9,605.46,638.14,646.65,544.84,683.1,465,635.83,809.54,665.49,768.27,618.41,844.44,593.6,890.05,696.9,862.42,694.56,851.54,623.99,937.33,565.6,1010.2
T4M3L015.jpg,Kartari,left,1555.23,2672.62,1429.84,2524.93,1387.12,2317.79,1520.76,2212.62,1686.93,2210.89,1606.33,1973.18,1671.1,1720.07,1681.42,1626.97,1659.76,1612.35,1750.28,2018.77,1868.3,1791.33,1801.39,1859.77,1718.04,1959.24,1847.62,2122.81,1973.61,1985.58,1865.43,2104.19,1792.26,2192.99,1928.55,2267.52,1984.1,2181.51,1888.48,2252.68,1823.23,2321.64
T4M3L016.jpg,Kartari,left,1630.16,2579.05,1510.2,2471.23,1524.37,2270.24,1679.68,2121.03,1838.67,2033.06,1581.32,1908.97,1549.11,1647.31,1550.68,1452.96,1560.57,1294.2,1740.41,1929.99,1767.46,1657.32,1772.42,1475.2,1757.75,1360.14,1865.68,2008.31,1971.2,1827.53,1976.33,1904.19,1955.87,2000.28,1974.55,2120.38,2064.16,1999.72,2047.82,2045.25,2003.17,2132.39
T4M3L017.jpg,Kartari,left,1746.51,2350.02,1816.57,2306.4,1979.96,2152.89,2219.14,2063.33,2428.1,1963.18,1950.6,1620.47,1933.13,1361.84,1865.33,1228.13,1837.48,1150.68,2036.03,1653.71,2159.74,1474.38,2176.99,1582.81,2164.58,1645.9,2091.4,1709.5,2204.13,1614.1,2205.68,1712.3,2192.01,1751.79,2123.28,1748.06,2236.58,1722.21,2248.11,1779.48,2237.38,1778.08
T4M3L019.jpg,Kartari,left,1360.96,2496.49,1641.42,2593.69,1817.11,2481.57,1921.55,2321.99,1967.27,2155.66,1629.62,2111.78,1787.81,1837.56,1888.44,1796.97,1930.54,1826.07,1567.74,2020.57,1760.27,1721.76,1874.9,1657.79,1933.01,1622.5,1549.32,1981.22,1763.34,1807.5,1871.03,1850.53,1908.45,1879.93,1557.08,1948.69,1714.75,1872.09,1784.11,1907.46,1816.76,1932.3
T4M3L020.jpg,Kartari,left,1642.04,2513.82,1815.43,2534.51,1960.63,2439.48,2057.61,2379,2096.62,2304.94,1813.25,2139.86,1864.25,2002.16,1904.73,2023.32,1914.9,2048.38,1724.81,2075.12,1775,1821.67,1836.14,1649.88,1845.2,1515.71,1665.56,2045.47,1734.54,1840.12,1829.01,1757.96,1856.63,1697.59,1626.99,2059.2,1590.69,1882.83,1571.4,1776.69,1525.61,1692.77
T4M3L022.jpg,Kartari,left,1467.13,3143.52,1214.26,2831.75,1162.26,2447.4,1299.34,2205.39,1503.7,2091.4,1444.35,2074.37,1406.46,1711.99,1396.47,1450.05,1412.39,1211.78,1675.02,2138.57,1817.73,1736.99,1940.84,1444.64,2043.61,1219.02,1828.68,2296.78,1879.05,1965.16,1671.93,2091.52,1544.84,2253.66,1936.18,2491.23,1908.13,2231.21,1702.11,2307.63,1535.32,2455.62
T4M3L023.jpg,Kartari,left,1639.84,3282.13,1463.75,3162.17,1488.59,2948.85,1722.79,2793.9,1951.98,2652.7,1620.38,2279.22,1600.67,1842.46,1595.93,1525.69,1613.06,1284.78,1902.07,2281.41,2060.84,1825.76,2182.33,1511.34,2266.19,1285.19,2113.86,2405.01,2330.06,2169.65,2274.58,2383.6,2216.08,2586.21,2272.8,2581.05,2425.39,2446.73,2319.09,2645.55,2203.65,2881.82
T4M3L024.jpg,Kartari,left,1426.83,3333.03,1209.68,3147.17,1261.29,2815.28,1638.76,2670.62,2007.34,2662.36,1506.8,2244.21,1504.57,1814.47,1503.97,1505.75,1532.98,1236.05,1790.03,2300.24,1991.53,1904.57,2135.52,1576.19,2243.71,1308.84,1975.76,2465.36,2155.49,2294.78,2032.21,2475.55,1946.4,2630.21,2084.78,2696.07,2176.35,2570.23,2016.13,2714.66,1862.78,2892.3
T4M3L025.jpg,Kartari,left,1404.12,2950.01,1226.7,2529.78,1270.29,2170.29,1469.88,1911.95,1659.16,1779.92,1529.46,1789.37,1570.4,1397.32,1600.24,1159.97,1645.34,953.75,1746.29,1846.29,1934.99,1435.8,2045.47,1187.46,2151.18,972.17,1879.01,1973.12,1970.71,1675.51,1765.65,1853.28,1648.69,2013.61,1971.44,2129.05,2003.45,1887.7,1854.7,1971.22,1754.86,2084.15
T4M3L026.jpg,Kartari,left,1192.17,2861.54,1007.71,2786.54,1099.22,2553.49,1498.43,2447.24,1908.9,2411.16,1223.12,1851.73,1192,1396.71,1161.54,1069.77,1152.34,810.95,1504.22,1883.78,1664.8,1445.7,1773.7,1132.13,1835.5,906.5,1704.2,2034.75,1882.05,1877.51,1856.23,2056.21,1801.7,2201.19,1827.01,2237.99,1918.84,2212.95,1821.76,2417.32,1694.24,2636.56
T4M3L027.jpg,Kartari,left,1376.86,2627.99,1634.26,2433.98,1870.28,2202.91,2152.74,2027.45,2431.33,1865.68,1632.08,1722.3,1742.76,1349.19,1805.96,1090.98,1849.41,919.22,1652.05,1695.52,1827.93,1244.34,1919.24,1028.1,1930.2,903.26,1668.55,1726.72,1985.69,1491.45,2149.28,1664.23,2183.38,1829.87,1663.4,1788.62,1831.25,1597.33,1838.4,1551.41,1784.27,1547.75
T4M3L028.jpg,Kartari,left,1525.39,2582.44,1628.51,2775.41,1858.89,2704.05,2133.95,2567.63,2343.89,2380.18,1510.74,1972.24,1447.29,1600.49,1392.4,1263.98,1360.22,983.85,1616.16,1859.55,1819.34,1488.45,1966.62,1321.96,2015.84,1188.76,1723.27,1808.22,2002.53,1638.2,2155.85,1841.58,2167.79,1993.74,1819.3,1772.43,1984.45,1669.46,2064.67,1763.71,2075.56,1859.71
T4M3L033.jpg,Kartari,left,1558.76,2872.19,1786.1,2904.58,2028.48,2903.49,2254.28,2891.63,2450.93,2843.33,1765.57,2340.38,1887.98,2104.11,1999.78,1981.77,2064.06,1934.34,1741.14,2345.05,1992.75,2181.49,2148.87,2241.75,2183.57,2303.68,1743.92,2367.14,1965.62,2214.47,2064.15,2262.74,2053.71,2298.39,1766.34,2392.33,1878.2,2264.51,1929.01,2258.76,1920.05,2254.79
T4M3L034.jpg,Kartari,left,1901.52,2773.07,1788.51,2454.61,1757.39,2228.69,1720.25,2085.15,1689.62,2005.87,1986.19,2007.49,1989.4,1781.18,1867.81,1822.01,1756.07,1936.79,2062.83,2109.51,2063.55,1894.82,1891.87,1961.64,1764.48,2078.88,2108.71,2264.66,2083.42,2119.69,1912.92,2182.81,1805.74,2272.86,2124.01,2443.36,2083.65,2390.52,1961.96,2411.29,1878.04,2448.62
T4M3L036.jpg,Kartari,left,1177.66,3179.64,1075.89,2957.42,1161.46,2680.83,1555.1,2593.99,1962.7,2640.07,1478.5,2083.14,1594.42,1662.23,1666.53,1442.02,1708.46,1296.22,1730.34,2215.69,1960.7,1877.23,1907.6,2006.49,1825.85,2123.74,1902.17,2420.82,2173.63,2192.9,2066.38,2344.08,1971.41,2469.51,2013.26,2664.93,2187.45,2533.98,2098.76,2616.03,2009.17,2710.24
T4M3R001.jpg,Kartari,right,1618.75,3238.77,1747.95,3259.72,1785.24,2995.05,1487.91,2753.42,1167.48,2595.04,1969.17,2054.43,2044.06,1530.96,2102.12,1173.39,2117.27,880.83,1675.4,1992.49,1474.77,1444.01,1326.54,1152.91,1214.16,916.82,1378.08,2089.04,1003.89,1810.3,955.06,2131.99,973.35,2395.65,1115.99,2250.75,834.52,2116.6,830.79,2354.26,868.86,2595.97
T4M3R007.jpg,Kartari,right,2031.83,3721.78,2145.64,3219.69,2056.59,2645.14,1606.2,2300.66,1179.75,2144.22,1801.19,2034.53,1754.01,1537.86,1683.99,1117.58,1586.58,755.61,1465.93,2119.33,1305.8,1580.44,1146.08,1105.26,1063.35,802.39,1229.88,2297.54,985.46,1942.16,1107.18,2054.53,1245.51,2231.14,1025,2564.42,812.46,2280.68,899.14,2289.62,1039.93,2389.47
T4M3R008.jpg,Kartari,right,1567.24,3858.23,1242.17,3543.11,1058.35,3013.24,980.31,2504.14,997.37,2100.24,1274.1,2196.62,1164.44,1570.91,1092.34,1124.05,1031.2,715.84,1450.02,2181.38,1406.18,1522.64,1357.45,1029.5,1326.93,604.28,1607.83,2318.72,1507.83,1877.85,1378.61,1836.41,1309.16,1808.36,1727.65,2547.93,1611.56,2207.54,1517.46,2116.05,1456.38,2066.74
T4M3R011.jpeg,Kartari,right,510.14,1438.01,435.56,1260.39,419.31,1109.67,429.85,981.46,446.74,884.61,488.96,976.92,524.07,802.53,546.2,699.97,571.37,618,519.35,994.35,540.28,796.77,551.84,704.02,573.22,633.16,548.47,1026.81,547.94,851.14,529.07,832.08,523.32,834.48,573.35,1074.21,581.6,940.17,595.34,890.81,618.64,861.1
T4M3R012.jpeg,Kartari,right,718.24,1290.46,624.92,1116.23,541.42,986.96,475.18,897.24,414.82,844.81,542.01,809.06,508.39,648.97,506.26,552.85,521.15,478.34,536.07,819.33,446,653.06,407.22,553.62,391.24,474.81,530.16,861.13,456.23,745.17,435.98,750.69,431.9,751.8,522.13,919.96,457.15,812.68,409.91,761.08,377.89,719.36
T4M3R015.jpeg,Kartari,right,620.33,609.14,509.83,606.05,450.68,643.48,408.09,696.91,361.17,743.53,488.18,664.33,394.95,720.68,335.94,749.65,291.79,771.08,544.76,700.44,447.13,756.32,430.78,727.79,434.11,703.68,583.26,734.5,498.83,773.36,493.95,733.6,509.88,708,607.4,767.36,548.99,794.11,544.65,772.9,556.67,758.59
T4M3R017.jpeg,Kartari,right,446.36,898.04,469.92,878.29,464.64,828.63,401.28,792.74,342.98,777.75,475.3,712.15,493.82,644.14,510.18,593.56,523.36,551.77,430.9,709.37,417.73,638.34,420.41,588.06,427.63,543.14,395.17,726.88,355.01,704.89,365.34,759.93,381.93,795.08,365.25,757.5,334.67,744.53,348.04,779.12,367.54,811.37
T4M3R018.jpeg,Kartari,right,471.75,862.91,533.19,859.48,553.57,828.71,450.31,831.37,345.79,836.19,539.25,640.46,526.89,590.34,523.78,593.12,522.83,598.04,462.05,638.05,409.74,631.4,413.19,698.86,428.17,737.9,395.86,657.42,348.9,679.41,375.6,752.93,406.01,777.25,343.76,689.09,305.87,713,330.37,775.62,361.88,800.68
T4M3R020.jpg,Kartari,right,1245.96,3060.28,1396.12,2651.34,1662.8,2365.54,1950.12,2234.73,2211.2,2196.17,1568.58,1840.03,1798.47,1332.01,1965.61,967.35,2088.75,699.89,1703.07,1985.83,2271.68,1610.47,2672.52,1399.79,2909.87,1292,1847.58,2231.14,2461.01,2150.87,2499.61,2334.97,2424.76,2438.79,2006.92,2517.71,2463.19,2485.9,2473.7,2637.69,2402.43,2731.62
T4M3R024.jpg,Kartari,right,2017.54,2442.34,1918.39,2266.09,1757.56,2101.84,1552.05,2010.85,1361.5,1925.23,1805.32,1789.98,1762.51,1519.99,1726.56,1332.61,1686.95,1196.22,1711.59,1888.73,1519.24,1743.67,1405.12,1758.6,1348.21,1798.22,1627.3,2002.63,1424.76,1922.76,1328.09,1966,1294.71,2021.83,1559.87,2098.36,1417.92,2076.75,1345.64,2104.95,1306.85,2145.27
T4M3R029.jpg,Kartari,right,1932.05,3411.05,1961.77,2982,1860.77,2627.83,1580.9,2432.45,1378.59,2378.07,1775.06,2313.53,1753.48,1918.48,1739.59,1678.19,1723.62,1482.33,1591.12,2391.07,1410.4,2007.32,1323.34,1778.62,1285.39,1600.34,1474.84,2525.03,1319.61,2318.73,1488.8,2546.29,1633.75,2730.88,1376.3,2705.16,1240.6,2495.01,1335.24,2558.52,1451.07,2644.77
T4M3R030.jpg,Kartari,right,2084.97,3270.88,1967.18,3009.57,1804.99,2750.71,1507.92,2602.07,1252.22,2516.12,1958.24,2272.12,1955.9,1903.74,1964.4,1658.65,1964.11,1472.23,1869.78,2296.04,1805.13,1869.26,1744.66,1592.46,1683.16,1383.47,1793.26,2427.01,1585.08,2173.8,1540.36,2249.76,1544.69,2312.62,1707.37,2614.14,1538.79,2463.48,1508.25,2507.91,1522.12,2565.32
T4M3R031.jpg,Kartari,right,1999.5,2997.3,2089.79,2986.85,2008.42,2825.36,1684,2796.82,1371.42,2715.5,2068.3,2076.71,2221.88,1628.5,2335.09,1223.03,2406.91,846.29,1824.7,2099.55,1606.65,1555.12,1551.58,1244.92,1544.07,1020.36,1592.68,2184.2,1329.68,2119.5,1320.84,2430,1384.67,2637.36,1443.41,2305.61,1230.76,2333.22,1254.89,2568.15,1377.07,2793.02
T4M3R032.jpg,Kartari,right,2285.04,2824.78,2006.93,2820.22,1785.24,2765.96,1530.51,2750.1,1367.55,2695.21,2107.95,2141.34,2015.81,1892.54,1943.38,1691.96,1877.17,1540.03,2185.32,2072.6,1978.39,1845.8,1832.42,1784,1726.76,1755.97,2205.51,2086.67,1966.8,1881.5,1807.26,1850.84,1693.23,1842.49,2185.14,2175.38,2178.93,1953.4,2165.72,1807.04,2127.42,1706.86
T4M3R033.jpg,Kartari,right,2195.22,2677.8,2271.98,2334.01,2139.01,1964.4,1688.62,1873.8,1391.9,2081.65,1911.94,1746.96,1758.8,1535.5,1784.47,1702.64,1787.06,1797.22,1754.08,1879.08,1582.58,1613.88,1675.62,1793.53,1727.27,1898.7,1604.6,2007.81,1432.09,1781.23,1582.42,1923.61,1657.34,1982.92,1500.41,2161.41,1357.33,1972.03,1464,2008.03,1531.53,2018.17
T4M4R010.jpeg,Kataka-Mukha,right,668.71,1224.41,576.82,1150.7,513.78,1072.88,439.41,1001.18,360.51,937.71,627.83,959.28,532.51,888.13,458.72,908.87,400.44,939,649.41,925,568.8,807.26,503.39,763.19,451.17,729.69,650.3,912.26,585.35,800.12,527.31,761.69,484.58,733.3,637.53,914.19,593.27,830.22,565.6,799.49,548.81,770.92
T4M4R017.jpeg,Kataka-Mukha,right,555.56,940.77,497.67,919,458.23,872.61,413.13,816.3,373.99,768.99,524.45,770.7,444.75,709.41,395.23,689.29,364.3,673.7,540.85,732.6,418.81,689.99,383.56,717.9,388.75,734.89,539.98,710.93,430.73,673.11,401.31,714.78,405.48,746.77,530.54,695.79,462.71,629.47,439.45,594.72,440.12,565.08
T4M4R018.jpeg,Kataka-Mukha,right,597.89,901.88,537.56,880.42,471.76,848.98,394.4,822.4,315.69,807.42,518.21,723.28,425.17,676.6,368.84,671.43,331.01,671.33,538.76,699.84,432.45,668.96,385.59,707.46,368.98,745.74,546.17,688.13,460.54,661.17,416.32,691.86,398.6,724.45,546.67,681.4,505.07,623.46,485.86,578.24,478.39,546.51
T4M4R019.jpeg,Kataka-Mukha,right,530.31,899.39,448.12,853.91,381.38,799.08,316.85,757.2,263.46,722.63,459.41,703.99,391.86,637.55,360.83,636.54,348.35,639.57,481.2,707.66,398.14,641.51,364.59,671.41,366.74,697.19,487.78,711.42,424.99,656.5,401.57,673.06,407.83,687.42,485.91,715.11,451.22,655.37,449.83,617.27,467.86,583.57
T4M4R021.jpg,Kataka-Mukha,right,1099.56,2609.96,1585.41,2464.97,1885.37,2257.99,2236.24,2242.03,2557.55,2182.45,1615.47,1762.73,1855.9,1258.01,1980.69,907.39,2065.15,680.47,1487.39,1764.25,2028.9,1585.36,2234.88,2020.33,2250.99,2378.93,1368.25,1728.12,1845.53,1357.47,2115.62,1347.32,2201.13,1386.3,1247.02,1697.06,1339.79,1354.8,1313.2,1083.98,1269.51,788.3
T4M4R022.jpg,Kataka-Mukha,right,1400.01,2594.85,1809.32,2533.08,2079.05,2331.48,2322.38,2181.09,2531.14,2123.54,1839.67,1870.05,2136.99,1694.61,2342.91,1830.27,2437.59,2000.93,1612.9,1792.06,1840.92,1555.23,2039.78,1432.71,2148.74,1368.83,1391.16,1836.81,1440.6,1576.14,1561.68,1366.99,1644.12,1195.71,1199.93,2021.74,978.78,1843.22,851.34,1667.94,759.79,1444.87
T4M4R024.jpg,Kataka-Mukha,right,2334.15,2931.71,1799.55,2718.89,1486.62,2519.34,1185.86,2523.01,849.19,2546.19,1702.16,2040.06,1476.61,1834.01,1333.49,1650.56,1236.34,1481.6,1822.76,2042.08,1525.02,1808.28,1365.43,1734.07,1248.75,1671.43,1900.24,2159.43,1539.98,1904.98,1298.15,1838.54,1122.49,1787.65,1924.12,2376.48,1693.32,2106.7,1537.97,2005.51,1419.51,1932.99
T4M4R025.jpg,Kataka-Mukha,right,2107.17,2731.7,1756.38,2687.79,1481.91,2578.44,1210.69,2505.03,952.68,2441.57,1607.59,2239.96,1332.28,2023.6,1156.8,1870.6,1014.49,1770.38,1703.34,2195.71,1516.49,2063.7,1412.57,2135.22,1342.33,2187.28,1773.29,2166.96,1638.35,1997.61,1550.7,1936.18,1488.88,1899.19,1808.57,2169.67,1694.32,1995.02,1636.52,1888.45,1605.73,1810.93
T4M4R026.jpg,Kataka-Mukha,right,1998.99,2442.53,1708.03,2333.02,1474.04,2208.91,1231.18,2131.69,1022.1,2109.83,1621.06,1869.21,1418.71,1746.01,1293.65,1715.36,1201.42,1711.29,1645.9,1845.23,1397.56,1736.19,1220.2,1755.88,1111.46,1804.52,1665.04,1869.15,1461.31,1736.65,1310.27,1747.34,1216.48,1775.73,1692.46,1922.88,1598.25,1769.39,1542.63,1693.37,1506.6,1633.02
T4M4R030.jpg,Kataka-Mukha,right,2262.41,2925.5,1931.91,2791.26,1701.72,2601.99,1416.51,2453.88,1200.87,2314.2,1956.2,2308.86,1644.7,2086.32,1471.74,1990.22,1335.86,1905.92,2027.12,2233.3,1644.33,2120.51,1486.07,2305.78,1425.09,2428,2046.57,2177.82,1736.95,1941.88,1581.7,1861.68,1493.66,1798.15,2030.55,2174.98,1942.9,1864.65,1917.34,1689.53,1908.03,1574.74
T4M4R031.jpg,Kataka-Mukha,right,2132.41,2691.69,1795.88,2604.77,1574,2409.87,1359.45,2243.34,1128.66,2060.38,1892.88,2101.67,1563.07,1906.69,1353.5,1916.5,1226.62,1954.82,1997.51,2026.85,1651.58,1813.66,1436.59,1912.12,1337.89,2009.41,2039.51,1959.41,1802.77,1683.31,1641.74,1565.92,1553.43,1492.53,2039.68,1942.49,2019.66,1644.9,1992.08,1446.97,1967.06,1283.92
T4M4R033.jpg,Kataka-Mukha,right,2589.35,2964.68,2285.35,2996.02,1931.52,2855.04,1556.45,2628.85,1204.5,2380.81,2275.97,2394.39,1694.02,2182.62,1358.85,2306.46,1179.63,2427.46,2337.01,2152.46,1789.04,1832.9,1471.99,1760.87,1284.44,1691.68,2322.67,2006.97,1902.81,1697.77,1656.61,1629.47,1508.13,1574.39,2275.99,1942.5,2074.74,1642.59,1993.57,1501.52,1951.05,1386.32
T4M4R035.jpg,Kataka-Mukha,right,2837.25,2939.51,2276.26,2952,1846.59,2724.15,1419.61,2477.96,1037,2248.91,2138.86,1998,1541.96,1824.7,1321.23,2019.27,1194.38,2147.8,2255.72,1789.88,1583.3,1495.21,1264.91,1517,1061.1,1531,2295.98,1693.75,1707.48,1439.44,1435.87,1529.14,1278.15,1583.91,2289.33,1667.59,1956.65,1341.13,1816.88,1117.7,1729.67,892.47
T4M4R036.jpg,Kataka-Mukha,right,2795.15,2633.52,2401.04,2715.8,1994.92,2684.01,1581.19,2643.66,1236.25,2576.14,2038.34,2185.83,1590.41,2076.39,1336.59,1932.45,1127.91,1774.39,2125.51,2009.47,1611.67,2001.35,1376.51,2003.3,1227.47,2009.25,2210.91,1958,1679.19,1945.85,1421.69,2070.26,1266.24,2194.84,2279.02,1980.71,1915.81,1807.67,1687.26,1646.56,1516.51,1551.86
T4M4R037.jpg,Kataka-Mukha,right,2476.31,2822,2034.55,2651.71,1729.34,2495.89,1428.89,2369.2,1155.23,2312.5,2056.74,2124.71,1808.57,1764.89,1656.02,1499.46,1550.06,1282.33,2127.37,2084.82,1727.88,1819.06,1624.11,1769.76,1611.22,1729.28,2116.9,2118.42,1666.86,1852.36,1461.34,1857.2,1368.37,1889.22,2036.57,2181.07,1709.85,1846.84,1446.15,1756.42,1272.73,1755.15
T4M4R038.jpg,Kataka-Mukha,right,2272.64,2596.15,1926.57,2711.77,1603.24,2603.51,1300.73,2443.04,1041.56,2264.62,1871.88,2145.11,1461.07,1928.66,1201.31,1931.45,1027.52,1948.78,2017,1962.84,1671.08,1620.27,1417.5,1476.87,1242.56,1376.37,2102.02,1845.08,1887.88,1479.05,1695.53,1237.46,1548.12,1065.48,2140.95,1810.57,2083.07,1483.84,2039.51,1261.04,1997.03,1079.12
T4M4R040.jpg,Kataka-Mukha,right,2277.09,2814.73,1873.91,2820.63,1602.46,2616.4,1359.83,2365.41,1154.12,2152.96,1923.7,2295.65,1513.6,2116.76,1244.98,2051.46,1040.07,1974.96,2038.05,2159.49,1644.33,1941.04,1440.87,1909.53,1346.4,1872.2,2088.19,2069.7,1754.66,1870.72,1570.48,1885.53,1480.12,1906.82,2103.4,2040.66,1983.13,1748,1918.11,1589.94,1877.27,1479.92
T4M4R041.jpg,Kataka-Mukha,right,2537.84,2592.67,2015.59,2651.47,1694.21,2554.17,1377.04,2504.64,1141.59,2434.44,1810.12,2110.8,1380.6,2017.05,1181.67,2028.66,1056.98,1965.23,2005.5,1962.15,1577.35,2037.33,1566.94,2306.45,1664.04,2444.71,2131.06,1837.7,1775.69,1916.03,1718.11,2108.56,1773.56,2223.65,2217.98,1717.39,2080.13,1438.48,1981.04,1187.1,1950.66,1015.09
T4M4R043.jpg,Kataka-Mukha,right,2123.64,2914.35,1760.19,2633.65,1558.42,2392.72,1320.74,2193.59,1076.13,2094.72,1666.93,2027.69,1390.47,1754.65,1241.76,1585.02,1140.79,1427.69,1655.72,1963.29,1296,1612.13,1041.36,1419.27,864.08,1304.52,1615.16,2008.27,1198.79,1746.74,913.47,1777.48,738.67,1866.22,1553.53,2083.37,1199.72,1915.89,962.63,1929.74,806.05,1987.85
T4M4L001.jpg,Kataka-Mukha,left,1063.14,2834.27,1488.28,2690.04,1839.45,2477.5,2161.05,2232.24,2380.04,2002.25,1384.12,2072.23,1839.88,1720.89,2061.44,1773.57,2201.3,1849.95,1120.6,1898.8,1643.44,1516.69,1918.85,1563.87,2071.72,1674.96,959.06,1797.47,1385.37,1402.85,1651.52,1422.95,1817.82,1519.77,861.22,1728.57,993.08,1375.79,1008.76,1158.56,980.28,967.2
T4M4L004.jpg,Kataka-Mukha,left,660,3377.05,1145.88,3025.4,1460.39,2694.72,1858.63,2406.25,2275.06,2174.85,907.42,2115.29,1378.87,1851.15,1715.11,1818.41,1984.92,1820.26,835.27,1981.19,1394.29,1757.63,1744.93,1712.41,1958.09,1699.79,838.33,1960.94,1342.37,1715.74,1649.37,1784.64,1838.31,1884.28,902.86,2021.96,1215.66,1747.06,1374.64,1683.71,1476.2,1652.42
T4M4L007.jpeg,Kataka-Mukha,left,355.64,842.96,401.45,846.51,463.05,826.48,526.48,819.04,599.6,820.96,422.76,686.78,501.88,679.71,553.43,698.38,582.06,719.67,430.06,689.93,525.99,689.56,584.78,735.93,611.82,780.05,441.64,704.27,527.99,710.05,570.2,758.92,583.19,800.3,452.37,719.96,507.71,730.25,536.22,759.7,552.69,788.22
T4M4L009.jpeg,Kataka-Mukha,left,266.28,1149.01,386.94,962.73,418.26,832.88,474.66,708.41,536.87,613.01,349.16,678.95,424.12,516.88,498.96,413.15,554.91,342.81,340.77,697.96,498.45,597.11,537.39,607.84,544.89,614.35,351.14,741.28,537.04,703.59,538.86,815.29,506.9,888.66,376.2,793.45,531.72,765.07,555.33,816.63,538.12,848.45
T4M4L011.jpeg,Kataka-Mukha,left,309.64,845.84,383.45,839.45,453.73,805.79,533.07,791.78,615.22,778.37,406.25,701.86,459.03,640.28,499.72,598.71,528.51,568.23,390.17,696.05,457.67,647.06,501.84,665.13,513.24,680.72,375.61,689.67,449.62,648.02,498.5,678.92,508.58,702.7,360.32,686.36,388.87,645.21,391.48,629.46,375.23,609.71
T4M4L013.jpeg,Kataka-Mukha,left,358.47,906.12,415.38,901.01,470.38,854.68,538.08,814.62,616.15,778.49,409.21,719.85,484.04,665.6,543.72,638.59,580.68,621.65,411.07,717.2,515.29,695.93,568.22,738.65,590.8,767.1,414.26,728.62,510.76,717.38,540.17,765.4,544.66,791.36,423.98,737.18,480.22,727.55,493.89,749.55,497.35,760.75
T4M4L016.jpg,Kataka-Mukha,left,1632.04,3036.24,1381.18,2862.46,1218.15,2621.04,1087.78,2455.55,1111.23,2278.21,1491.24,2208.82,1359.71,1983.27,1250.78,2101.1,1195.5,2262.14,1651.41,2198.58,1541.94,1927.29,1397.75,1824.07,1288.17,1755.08,1806.92,2247.91,1818.73,1927.22,1790.44,1667.05,1752.14,1477.43,1939.67,2388.98,2074.56,2176.59,2171.7,1962.02,2243.44,1738.93
T4M4L017.jpg,Kataka-Mukha,left,1592.77,2807.2,1422.67,2367.85,1334.9,2074.66,1180.05,1913.05,1107.55,1853.41,1684.37,1855.07,1600.28,1597.1,1514.12,1542.73,1517.88,1528.69,1726.85,1938.77,1598.84,1661.9,1401.21,1703.36,1332.18,1772.63,1754.65,2056.88,1706.31,1740.23,1604.56,1661.16,1589.6,1616.78,1762.48,2216.02,2019.79,1989.77,2202.48,1831.13,2366.81,1671.1
T4M4L018.jpg,Kataka-Mukha,left,1906.74,2655.62,1725.68,2488.24,1665.24,2219.2,1794.93,1999.86,1950.86,1847.67,1748.46,1734.27,1746.25,1441.28,1716.04,1319.83,1685.37,1278.7,1932.18,1753.13,1985.74,1420.65,1915.7,1370.04,1838.09,1407.5,2077.71,1839.19,2167.63,1577.52,2080.18,1688.62,2008.38,1822.54,2218.45,1973.6,2276.98,1780.3,2195.08,1834.89,2117.15,1936.19
T4M4L019.jpg,Kataka-Mukha,left,1871,2564.12,1746.76,2332.06,1763.14,2110.01,1952.01,1932.34,2179.78,1820.74,1857.03,1795.65,1975.58,1585.23,2083.19,1660.07,2163.82,1745.87,2002.14,1812.29,2149.05,1472.28,2283.35,1330.57,2408.26,1216.87,2121.22,1859.55,2265.06,1610.3,2292.22,1580.64,2328.75,1563.3,2217.69,1937.76,2311.2,1755.76,2306.69,1713.33,2314.98,1699.87
T4M4L020.jpg,Kataka-Mukha,left,1595.95,2310.11,1871.61,2229.94,2160.49,2140.71,2462.48,2093.76,2728.25,2020.49,1990.77,1745.88,2252.6,1594.9,2435.35,1663.66,2559.76,1763.9,1919.33,1660.18,2140.31,1426.4,2331.03,1314.33,2429.83,1254.52,1854.74,1634.2,2072.72,1391.02,2232.7,1316.68,2287.83,1299.87,1800.29,1660.59,1870.67,1436.52,1874.57,1300.05,1812.41,1218.13
T4M4L022.jpg,Kataka-Mukha,left,1152.68,2752.04,1391.24,2487.75,1557.22,2345.42,1767.43,2275.57,1945.24,2223.25,1380.01,2005.24,1535.19,1774.71,1595.88,1580.17,1636.99,1415.87,1356.88,2069.26,1801,2023.37,2023.85,2036.31,2136.17,2039.44,1387.5,2202.82,1827.73,2216.4,1985.49,2312.31,2039.79,2370.98,1439.15,2358.14,1771.76,2325.83,1934.54,2346.52,2020.8,2356.44
T4M4L023.jpg,Kataka-Mukha,left,1024.04,2653.32,1089.27,2376.4,1272.22,2230.33,1478.38,2151.06,1657.55,2117.01,1226.74,2054.24,1395.53,1787.54,1449.59,1625.24,1490.87,1506.98,1215.46,2192.11,1630.24,2134.45,1764.38,2181.55,1827.98,2213.78,1250.54,2367.45,1703.86,2358.08,1889.15,2335.49,1968.29,2283.27,1298.53,2533.12,1679.18,2525.85,1886.23,2562.56,2023.77,2595.38
T4M4L025.jpg,Kataka-Mukha,left,1368.62,3043.76,1713.41,2783.32,1959.14,2446.64,2251.91,2211.9,2602.82,1996.94,1404.91,1950.01,1746.19,1635.41,2047.54,1642.3,2268.56,1714.46,1319,1904.59,1602.62,1470.75,1863.44,1310.73,2030.35,1234.1,1305.87,1940.2,1526.15,1585.56,1746.81,1499.93,1869.75,1457.01,1353.85,2052.5,1378.39,1778.98,1369.28,1643.02,1317.52,1524.61
T4M4L026.jpg,Kataka-Mukha,left,1599.39,2935.31,1878.09,2591.41,2083.51,2334.42,2333.61,2127.93,2526.78,1940.9,1576,1971.94,1974.64,1655.74,2157.96,1560.54,2231.46,1477.92,1475.59,1977.66,2232.62,1840.35,2398.35,2056.23,2385.85,2207.68,1524.25,2033.76,2278.27,1889.2,2412.29,2050.46,2378.12,2160.92,1667.08,2118.68,1931.41,1766.87,2108.63,1527.18,2251.66,1338.85
T4M4L027.jpg,Kataka-Mukha,left,1141.4,2891.45,1300.51,2545.84,1505.98,2289.71,1736.55,2082.05,1954.94,1904.65,1622.89,1898.1,1952.32,1662.01,2096.79,1505.01,2217.64,1388.32,1602.67,1993.66,2100.24,1902.86,2308.3,1881.65,2495.3,1866.15,1595.09,2148.69,2097.8,2147.65,2166.16,2235.4,2187.2,2273.86,1610.17,2344.73,1993.51,2250.4,2256.55,2171.44,2480.11,2107.27
T4M4L028.jpg,Kataka-Mukha,left,1395.14,2662.28,1610.01,2497.87,1824.16,2337.43,2121.03,2252.29,2461.56,2191.68,1563.03,1939.94,1875.6,1809.62,2087.41,1843.82,2237.73,1884.52,1540.45,1912.31,1907.59,1753.92,2090.02,1775.19,2160.64,1800.81,1556.81,1930.98,1875.9,1815.12,1997.65,1936.19,2022.34,2050.62,1600.1,1981.83,1807.73,1803.63,1885.67,1721.68,1895.44,1666.36
T4M4L029.jpg,Kataka-Mukha,left,1494.87,2580.58,1803.37,2600.16,2010.48,2444.7,2284.17,2350.19,2582.34,2285.1,1687.33,2023.06,1958.36,1932.35,2141.17,1992.43,2219.2,1981.82,1620.25,2001.17,1938.74,1895.02,2150.36,2068.54,2216.42,2195.27,1591.61,1974.11,1858.02,1883.63,2040.14,2052.23,2096.43,2204.26,1584.58,1922.34,1640.97,1767.33,1621.49,1659.16,1573.73,1552.57
T4M4L030.jpg,Kataka-Mukha,left,1436.1,2388.1,1555.93,2248.72,1700.87,2017.92,1891.92,1815.65,2097.63,1603.37,1675.21,1600.88,1956.46,1429.5,2214.33,1442.16,2424.61,1519.14,1769.47,1636.27,2041.83,1475.39,2297.52,1509,2506.58,1612.01,1854.49,1690.91,2080.23,1572.7,2293.47,1604.31,2455.1,1691.14,1928.83,1740.9,2100.2,1657.3,2254.04,1658.68,2389.06,1707.5
T4M4L035.jpg,Kataka-Mukha,left,1126.76,3358.33,1333.91,3170.43,1546.8,3076.44,1800.93,3064.86,2081.33,3067.15,1336.49,2647.31,1365.41,2396.8,1432.06,2137.82,1520.7,1911.43,1358.26,2681.05,1663.57,2524.96,1922.38,2467.02,2054.51,2441.14,1409.62,2785.54,1847.6,2739.99,2070.49,2906.81,2132.36,3037.7,1466.39,2911.45,1797.59,2893.95,1917.72,2964.39,1928.76,3011.78
T4M4L036.jpg,Kataka-Mukha,left,1145.24,2929.89,1490.02,2797.87,1760.28,2616.12,2027.37,2461.17,2283.14,2332.68,1585.45,2224.63,1880.3,2028.64,2040.47,1912.47,2165.46,1825.53,1499.4,2149.28,1860.01,1986.61,2024.46,1891.44,2118.97,1819.95,1449.75,2160.93,1814.99,2074.35,1980.92,2185.18,2075.43,2281.35,1436.2,2222.68,1706.56,2096.88,1834.73,2053.95,1907.97,2031.96
T4M4L037.jpg,Kataka-Mukha,left,1321.8,2610.76,1519.12,2814.8,1807.36,2871.6,2093.63,2740.49,2315.5,2587.31,1607.68,2402.76,2143.88,2362.97,2349.84,2417.32,2416.31,2442.52,1605.03,2117.35,2153.23,2097.98,2323.29,2220.75,2360.94,2301.15,1644.94,1945.92,2110.99,1884.14,2277.3,2003.16,2332.9,2097.05,1695.9,1841.67,1994.17,1734.33,2114.26,1787.87,2153.87,1858.31
T4M4L038.jpg,Kataka-Mukha,left,1086.58,2549.69,1442.12,2610.69,1711.43,2564.01,1969.07,2511.46,2259.45,2451.68,1622.1,2217.12,1967.12,2206.66,2187.99,2234.84,2342.67,2283.17,1558.78,2151.16,1861.84,2185.4,2014,2296.62,2108.91,2411.95,1540.32,2075.6,1812.02,2126.42,1932.21,2228.61,2002.45,2310.68,1534.84,1996.26,1691.52,1936.11,1788.91,1919.15,1891.81,1893.53
T4M4L039.jpg,Kataka-Mukha,left,1400.38,2756.31,1605.01,2842.28,1835.31,2818.05,2035.33,2752.4,2243.68,2679.88,1749.3,2373.73,2004.33,2298.23,2123.96,2331.52,2184.89,2353.23,1720.21,2252.81,1998.02,2063.74,2177.99,1933.72,2264.96,1794.15,1699.63,2199.64,1901.45,2064.43,2005.65,2063.16,2032.2,2026.07,1689.08,2218.54,1797.73,2036.09,1842.37,1933.5,1840.2,1815.5
T4M4L040.jpg,Kataka-Mukha,left,1274.44,2416.83,1349.02,2087.02,1461.08,1893.13,1649.56,1802.16,1820.95,1794.41,1626.1,1766.64,1878.34,1653.73,1979.9,1697.03,2037.9,1815.53,1757.41,1822.53,2066.89,1637.4,2147.05,1684.8,2148.81,1816.35,1876.33,1871.97,2195.57,1728.4,2272.87,1732.73,2279.01,1798.78,1993.91,1928.54,2273.11,1801.69,2405.65,1770.33,2477.12,1805.94
T4M5L002.jpg,Mayura,left,1462.47,3579.18,1132.62,3257.99,944.21,2833.23,1058.27,2479.61,1250.94,2317.82,1052.97,2226.7,1088.63,1746.96,1144.09,1430.72,1210.06,1158.12,1310.98,2204.19,1267.16,1698.16,1296.3,1304.74,1337.5,1003.9,1531.08,2275.42,1485.16,1868.92,1419.14,1849.34,1392.46,1864.19,1748.39,2402.74,1741.49,2068.2,1742.37,1831.01,1742.08,1590.53
T4M5L003.jpg,Mayura,left,1601.44,3411.14,1207.55,3239.3,978.53,2801,1103.57,2419.53,1316.38,2237.3,1033.41,2021.02,1055.24,1460.86,1066.52,1088.03,1080.47,778.94,1351.73,1961.02,1252.59,1395.4,1201.63,949.88,1158.49,602.3,1633.36,2019.69,1606.07,1620.99,1597.96,1861.62,1600.2,2082.29,1916.89,2140.23,1930.59,1741.28,1936.54,1430.21,1907.03,1096.33
T4M5L004.jpg,Mayura,left,1474.94,3573.28,1168.17,3192.07,1102.22,2591.33,1368.34,2002.5,1714.38,1595.43,1086.58,1953.04,1196.82,1329.52,1328.99,949.66,1444.82,632.14,1392.73,1954.32,1459.61,1374.74,1549.9,1003.19,1609.53,695.58,1661.02,2056.11,1726.67,1577.9,1772.27,1269.82,1798.41,1017.24,1892.12,2226.14,1950.86,1858.39,1980.35,1633.74,1989.91,1424.98
T4M5L006.jpeg,Mayura,left,492.36,1074.42,380.36,1035.96,312.49,928.86,334.29,823.23,376.64,749,317.43,723.45,283.42,596.61,273.73,502.77,270.53,421.73,399.59,707.41,357.87,570.4,330.49,461.16,304.1,383.21,473.3,721.71,460.25,612.41,453.47,660.83,448.08,715.07,550.52,754.87,562.41,646.57,574.88,586.86,575.74,540.62
T4M5L007.jpeg,Mayura,left,407.72,1117.76,322.04,1075.54,290.97,968.7,352.36,887.34,426.43,842.87,323.25,745.76,305.1,599.51,300.85,496.88,300.61,407.2,417.74,733.43,406.62,586.16,400.55,467.1,392.56,377.67,499.78,761.49,509.13,665.5,479.02,704.5,449.93,748.59,573.27,815.24,626.68,736.5,663.67,676.57,683.29,610.7
T4M5L008.jpeg,Mayura,left,534.43,1132.09,439.99,1102.24,376.79,989.2,431.72,880.39,514.43,820.77,412.01,768.4,404.23,628.28,413.4,519.79,423.18,425.34,496.61,761.79,467.95,640.69,463.21,530.64,461.8,435.49,573.4,793.2,570.44,716.26,568.71,744.28,567.05,762.72,647.84,851.38,662.32,764.86,680.46,699.15,691.19,640.7
T4M5L009.jpeg,Mayura,left,464.88,1093.49,452.74,992.3,444.4,910.06,469.59,858.55,497.71,842.47,430.09,807.82,427.19,676.83,419.9,590.02,409.77,510.5,467.91,828.8,472.28,701.97,470.39,611.16,465.28,531.71,509.1,876.49,531.56,815.87,524.34,852.62,507.66,863.77,560.21,950.75,574.14,895.67,592.63,842.47,606.91,769.03
T4M5L010.jpeg,Mayura,left,461.26,1043.03,483.88,910.65,488.83,837.31,500.28,776.28,514.78,740.73,447,784.12,451.04,659.05,459.18,583.84,464.2,526.64,458.05,800.6,472.41,668.97,492.37,586.65,507.27,526.15,475.28,833.43,507.02,747.57,537.11,741.4,554.45,737.71,502.09,877.56,521.21,810.85,545.36,759.39,566.13,709.32
T4M5L014.jpeg,Mayura,left,371.61,1011.09,327.64,926.06,316.17,829.45,355.18,757.71,387.67,722.47,335.18,711.06,335.63,596.39,338.26,527.65,342.62,468.09,388.35,713.94,388.17,592.02,393.71,516.07,398.53,453.79,433.04,732.16,437.91,654.14,415.25,693.47,399.01,723.52,475.21,762.88,487.36,694.74,488.62,646.41,489.57,588.7
T4M5L015.jpeg,Mayura,left,422.86,952.1,417.8,869.78,421.55,790.51,460.05,730.59,495.48,698,387.6,669.88,371.8,545.7,356.04,468.07,344.24,404.85,421.82,676.98,449.69,546.28,468.25,469.28,486.23,404.45,456.9,699.9,501.25,637.54,511.13,705.56,515.01,752.17,496.19,736.81,518.93,664.99,529.3,610.05,536.26,548.5
T4M5L017.jpg,Mayura,left,1576.09,2358.18,1423.76,2258.28,1355.17,2081.98,1421.59,1921.01,1507.34,1823.96,1348.67,1786.43,1341.76,1545.51,1355.15,1390.56,1377.54,1264.79,1473.02,1771.42,1452.73,1526.28,1476.94,1357.02,1505.19,1220.29,1581.71,1792.82,1571.58,1608.85,1573.39,1586.96,1585.44,1571.92,1682.75,1834.7,1682.65,1658.46,1680.83,1529.09,1675.28,1416.4
T4M5L018.jpg,Mayura,left,1374.56,2363.76,1269.2,2296.17,1278.31,2196.68,1356.97,2124.95,1447.43,2064.24,1296.29,1874.69,1286.56,1625.55,1277.23,1451.83,1289.29,1302.33,1417,1855.82,1471.46,1607.2,1491.07,1478.83,1508.96,1378.23,1516.14,1878.51,1581.44,1741.17,1553.83,1866.46,1516.9,1980.87,1607.23,1922.16,1695.06,1758.68,1760.89,1635.55,1802.37,1518.71
T4M5L020.jpg,Mayura,left,1406.91,2342.67,1333.3,2303.04,1326.96,2152.24,1411.83,2033.13,1497.16,1954.04,1332.41,1888.29,1320.17,1689.8,1320.12,1547.17,1327.12,1434.55,1440.81,1895.51,1428.76,1689.58,1435.73,1556.35,1443.38,1459.11,1532.98,1929.68,1557.82,1782.61,1563.17,1805.34,1570.21,1840.43,1617.07,1980.21,1668.87,1847.24,1702.81,1759.04,1722.17,1683.78
T4M5L023.jpg,Mayura,left,1446.94,2170.47,1354.26,2083.05,1331.93,1943.37,1406.41,1826.21,1491.89,1754.12,1340.01,1724.88,1329.57,1537.35,1331.76,1417.76,1339.65,1321.51,1435.04,1727.09,1434.07,1524.87,1455.37,1394.54,1473.47,1289.68,1518.03,1753.79,1532.15,1606.64,1520.75,1623.36,1513.88,1643.87,1597.38,1793.55,1635.9,1668.32,1656.8,1600.23,1663.85,1541.73
T4M5L024.jpg,Mayura,left,1528.48,2171.96,1399.32,2115.98,1360.7,1963.63,1434.17,1824.48,1497.31,1724.46,1364.14,1743.03,1272.74,1532.91,1201.34,1390.38,1147.93,1262.39,1501.01,1737.82,1532.08,1524.14,1568.27,1360.81,1604.54,1213.91,1616.64,1767.42,1670.23,1691.44,1640.36,1861.68,1611.19,1980.77,1719.04,1825.88,1778.36,1681.55,1781.66,1577.92,1762.28,1483.14
T4M5L025.jpg,Mayura,left,1638.73,2144.32,1562.56,2034.28,1560.45,1848.69,1633,1683.97,1699.83,1570.35,1459.86,1688.27,1408.51,1468.93,1374.72,1313.22,1352.39,1181.99,1553.32,1683.47,1552.83,1429.72,1553.27,1254.48,1554.72,1100.53,1653.45,1709.5,1712.5,1589.68,1750.08,1735.79,1768.38,1838.86,1755.87,1751.31,1783.31,1635.15,1776.01,1580.51,1756.6,1512.85
T4M5L026.jpg,Mayura,left,1561.49,2255.38,1373.6,2229.36,1290.59,2111.08,1318.99,2025.13,1348.76,1924.45,1368.58,1785.25,1315.7,1569.87,1301.65,1396.98,1303.29,1246.48,1519.72,1799.64,1494.51,1629.87,1448.77,1490.7,1407.89,1385.37,1660.9,1854.2,1633.75,1775.84,1587.73,1903.74,1558.41,2010.82,1788.37,1940.01,1822.09,1830.51,1869.03,1759.37,1894.78,1719.35
T4M5L027.jpg,Mayura,left,1644.72,2093.26,1522.9,1979.93,1465.09,1814.15,1466.8,1689.27,1463.49,1608.62,1484.41,1579.13,1498.06,1330.79,1510.59,1158.1,1520.17,989.42,1579.95,1605.14,1577.57,1351.8,1587.29,1170.24,1592.44,996.05,1678.3,1670.78,1685.56,1556.15,1661.29,1718.79,1633.4,1813.19,1791.91,1775.84,1811.79,1613.83,1819.3,1489.42,1820.06,1340.93
T4M5L029.jpg,Mayura,left,1459.65,2793.76,1291.65,2521.27,1245.19,2240.52,1350.13,2065.03,1469.19,2024.65,1422.86,1938.89,1475.28,1638.42,1497.12,1444.4,1515.81,1290.21,1597.08,1968.56,1649.72,1650.32,1670.09,1428.36,1677.56,1277.36,1737.04,2042.56,1776.25,1814.45,1676.73,1912.32,1600.07,2033.22,1868.25,2139,1942.08,1923.32,1980.24,1753.57,2006.18,1587.27
T4M5L030.jpg,Mayura,left,1493.62,2793.91,1346.44,2734.98,1273.32,2597.57,1408.44,2518.94,1575.55,2497.96,1422.61,2241.15,1412.42,1982.34,1435.1,1764.81,1454.7,1582.25,1603.79,2243.95,1622.4,2036.59,1632.35,1832.01,1622,1672.81,1754.78,2316.93,1803.66,2171.93,1832.39,2136.25,1846.25,2108.69,1867.24,2439.04,1961.61,2387.53,2037.53,2370.23,2073.78,2351.95
T4M5L031.jpg,Mayura,left,1637.69,2884.16,1453.15,2806.37,1384.91,2610.12,1437.03,2527.6,1470.13,2517.65,1589.74,2274.98,1575.19,2021.53,1574.99,1832.95,1588.7,1651.3,1742.84,2308.26,1770.52,2040.54,1809.77,1832.36,1844.32,1638.08,1859.02,2391.86,1867.26,2262.95,1764.03,2407.87,1682.11,2508.51,1956.98,2512.77,2070.35,2388.65,2143.25,2284.33,2187.26,2141.59
T4M5L032.jpg,Mayura,left,1538.29,2705.73,1435.94,2585.09,1400.24,2457.3,1323.95,2350.29,1288.79,2278.34,1493.38,2219.92,1517.13,1865.94,1523.74,1676.67,1535.48,1552.4,1536.19,2223.01,1448.59,1943.66,1375.09,2021.26,1358.74,2105.06,1585.41,2191.58,1543.12,1903.22,1528.02,1878.57,1533.08,1890.49,1609.99,2173.38,1656.12,1902.14,1710.31,1733.98,1780.33,1593.73
T4M5L033.jpg,Mayura,left,1546.35,2421.61,1785.77,2550.95,2027.28,2546.65,1968.57,2509.33,1789.62,2381.12,2326.74,1822.09,2213.39,1765.83,2037.34,2057.04,1987.36,2268.4,2053.15,1645.54,1858.7,1670.05,1704.92,2074.45,1743.35,2254.81,1748.1,1568.53,1549.99,1714.48,1502.4,2076.8,1559.14,2179.25,1484.07,1581.73,1348.17,1738.01,1350.27,1979.24,1435.15,2040.37
T4M5L037.jpg,Mayura,left,1334.18,2919.3,1067.97,2392.05,1032.53,1881.02,1251.55,1578.74,1471.35,1493.72,1356.43,1427.58,1415.61,943.6,1467.17,611.64,1533.94,332.03,1649.56,1504.44,1824.26,991.52,1989.61,607.2,2132.19,332.12,1864.09,1659.02,1952.01,1272.44,1744.74,1405.64,1597.72,1577.31,2057.38,1853.24,2243.4,1495.36,2317.42,1216.32,2374.94,930.91
T4M5L041.jpg,Mayura,left,1278.96,3365.37,1391.65,3375.91,1488.62,3271.18,1555.35,3124.59,1628.68,2947.33,1705.2,2835.23,1818.66,2566.03,1868.45,2459.14,1893.15,2439.43,1652.21,2771.77,1784.85,2433.44,1772.09,2438.87,1735.29,2507.15,1597.8,2739.18,1703.08,2464.83,1691.63,2503.3,1660.67,2576.39,1531.62,2739.96,1617.47,2546.77,1636.5,2529.96,1637.44,2561.42
T4M5L044.jpg,Mayura,left,1625.95,3463.38,1373.66,3130.4,1282.14,2719.72,1448.86,2399.8,1671.75,2241.23,1446,2272.79,1434.4,1916.41,1440.59,1670.46,1458.05,1457.87,1688.01,2265.52,1692.52,1871.77,1686.99,1575.24,1681.86,1363.5,1895.48,2346.12,1927.56,2010.36,1822.15,1991.09,1743.86,2022.3,2090.85,2475.08,2197.05,2229.89,2239.61,2030.78,2253.55,1811.01
T4M5L045.jpg,Mayura,left,1626.34,3254.82,1380.53,2998.88,1356.63,2645.48,1590.33,2453.55,1841.41,2406.43,1597.23,2032.82,1703.53,1593.45,1763.63,1303.23,1814.71,1048.74,1863.18,2087.9,1932.26,1647.89,1977.74,1315.79,1997.61,1032.8,2071.58,2225.66,2160.1,1987.8,2046.89,2252.7,1932.36,2464.48,2261.73,2409.73,2455.21,2173.47,2579.28,1972.31,2652.79,1712.53
T4M5L046.jpg,Mayura,left,1440.78,3338.77,1148.05,3151.36,1057.95,2829.53,1236.92,2649.44,1453.69,2582.23,1332.79,2185.28,1364.95,1689.02,1402.12,1367.27,1452.99,1091.41,1606.99,2217.61,1603.1,1756.54,1605.75,1433.65,1604.41,1158.41,1827.5,2356.93,1821.74,2095.52,1666.92,2384.91,1544.31,2615.85,1991.58,2565.76,2136.12,2302.95,2257.94,2129.01,2328.06,1938.51
T4M5R001.jpg,Mayura,right,1585.53,3282.46,1875.61,3155.92,2041.37,2814.06,1906.2,2609.61,1639.28,2564.42,1830.25,2012.01,1793.83,1493.16,1725.06,1162.42,1651.83,904.31,1514.16,2038.43,1431.74,1543.05,1333.81,1115.16,1252.59,727.85,1254.89,2161.34,1208.52,1987.21,1311.46,2457.52,1373.58,2801.09,1002.71,2351.91,931.7,2043.14,943.31,1898.53,962.32,1770.12
T4M5R005.jpg,Mayura,right,1851.03,3765.59,1986.19,3228.38,1991.66,2734.61,1766.63,2380.76,1480.83,2198.31,1692.68,2188.11,1561.95,1623.32,1484.39,1259.18,1412.88,945.64,1451.76,2200.96,1342.41,1610.62,1255.96,1214.43,1182.09,902.11,1256.49,2293.76,1131.52,1781.46,1047.47,1439.89,976.02,1176.86,1080.62,2454.95,926.72,2059.75,822.42,1820.92,737.23,1613.03
T4M5R006.jpg,Mayura,right,1303.43,3798.34,1729.81,3659.38,1941.74,3094.08,1560.62,2641.06,1066.36,2450.21,1691.43,2117.28,1710.61,1634.8,1711.11,1218.84,1699.34,827.08,1302.32,2006.87,1303.7,1453.71,1247.52,1005.99,1218.32,646.51,1003.95,2110.68,980.56,1689.91,1149.88,1969.13,1279.81,2201.6,698.94,2381.16,706.68,1986.66,840.59,2041.72,960.35,2137.08
T4M5R007.jpg,Mayura,right,1827.98,3753.29,1320.62,2989.21,1098.3,2466.48,914.91,2024.24,729.74,1566.39,1523.08,2055.41,1520.42,1431.93,1503.55,954.81,1496.68,567.47,1641.35,2249.38,1638.24,1551.2,1624.28,1025.96,1642.22,557.96,1695.46,2538.62,1665.64,1978.9,1632.04,1558.9,1622.57,1192.17,1692.5,2867.14,1635.93,2493.15,1632.01,2174.85,1658.8,1867.9
T4M5R009.jpeg,Mayura,right,603.17,814.86,539.77,825.23,503.74,815.55,484.4,799.01,486.92,782.34,506.91,777.44,477.75,773.16,480.51,786.14,489.74,796.11,528.73,766.73,502.11,763.44,504.92,777.94,511.62,785.82,548.45,761.16,525.16,759.91,525.88,773.76,531.02,781.34,565.47,758.96,546.87,760.89,545.45,772.73,547.78,780.36
T4M5R011.jpeg,Mayura,right,464.09,974.43,513.47,979.86,515.66,936.89,482.67,892.2,435.77,858.47,523.85,761.17,498.69,651.77,487.21,575.93,478.18,505.74,465.8,764.84,445.09,658.37,429.91,609.23,417.47,546.17,410.35,766.25,386.62,726.34,380.21,806.03,377.53,854.94,356.12,765.14,318.09,701.49,283.61,652.56,257.09,593.79
T4M5R012.jpeg,Mayura,right,469.01,959.18,519.02,977.83,525.74,957.81,469.16,943.84,386.31,931.58,543.94,766.6,553.61,666.17,569.92,583.97,589.91,492.4,470.29,746.24,481.05,640.03,495.79,572.71,513.45,490.6,405.21,740.06,395.76,711.85,390.81,808.05,395.64,857.95,350.14,745.58,327.79,675.97,303.14,628.75,292.91,575.45
T4M5R013.jpeg,Mayura,right,486.64,938.03,535,880.61,566.05,814.52,553.08,744.18,527.74,694.48,548.37,701.89,569.36,613.84,580.43,554.86,588.48,507.41,501.46,690.94,529.08,608.73,546.75,559.81,559.15,525.75,455.27,699.41,446.82,636.85,455.96,632.34,463.16,631.65,415.66,720.79,383.26,652.93,361.26,598.02,347.3,544.07
T4M5R014.jpeg,Mayura,right,504.81,919.2,585.48,935.43,600.08,897.71,566.85,882.58,519.96,877.97,548.67,721.25,518.25,614.41,500.08,533.53,482.82,459.18,474.91,729.44,466.39,612.29,457.67,527.44,445.87,437.54,413.46,748,403.92,720.25,425.49,813.54,446.46,867.83,353.26,777.95,321.23,735.14,301.76,714.25,289.95,681.59
T4M5R015.jpeg,Mayura,right,481.5,938.75,569.52,942.99,597.29,900.75,566.24,886.02,519.51,889.18,546.76,720.3,525.02,610.2,508.81,523.88,491.89,446.09,474.45,725.91,470.54,598.6,461.98,506.94,447.63,415.08,412.36,744.97,404.24,703.48,419.63,797.31,432.87,856.3,352.7,775.44,326.3,725.28,305.65,703.61,292.48,673.49
T4M5R016.jpeg,Mayura,right,496.27,905.67,587.55,903.1,595.48,826.9,518.96,767.74,434.13,724.81,556.03,623.95,547.37,506.99,545.06,409.44,546.64,318.22,470.67,640.91,443.91,533.85,434.16,482.54,427.57,420.31,395.7,666.37,371.66,630.72,393.59,732.43,413.15,798.46,329.56,707.31,290.23,633.77,269.19,578.31,260.35,525.45
T4M5R017.jpeg,Mayura,right,493.91,920.14,582.16,914.8,594.17,824.77,520.49,760.72,437.99,726.73,553.5,619.86,545.33,486.4,540.04,378.85,532.37,279.25,468.65,634.36,473.39,477.08,466.73,352.99,451.28,230.99,395.03,658.81,386.18,622.57,403.71,747.48,414.77,824.92,325.5,697.45,290.96,624.84,271.6,577.43,262.09,521.21
T4M5R019.jpeg,Mayura,right,479.71,921.85,533.29,873.33,545.26,797.29,497.84,732.45,449.56,694.54,543.54,691.33,550.42,604.56,551.86,545.33,551.33,496.51,486.67,697.13,482.79,602.64,482.8,548.95,480.11,500.62,435.98,709.38,421.69,653.69,436.08,703.19,445.22,740.23,388.92,728.13,363.09,665.45,352.94,625.43,346.53,585.65
T4M5R020.jpeg,Mayura,right,525.07,935.24,589.61,939.04,611.69,898.1,575.13,863.84,521.44,840.92,598.42,727.64,594.51,640.62,591.05,566.68,588.96,496.46,539.21,721.28,544.59,640.78,563.78,628.24,578.48,595.51,483.59,728.26,468.08,692.01,477.35,781.37,485.26,835.5,431.8,745.88,398.2,679.71,379.82,631.42,369.67,578.62
T4M5R022.jpg,Mayura,right,1427.84,2525.28,1537.42,2417.83,1588.6,2232.42,1545.47,2075.8,1499.1,1981.96,1580.96,1944.45,1574,1712.36,1549.88,1565.96,1521.59,1448.96,1457,1956.44,1464.64,1703.14,1436.3,1532.34,1396.8,1386.77,1350.41,1986.46,1319.38,1870.1,1329.28,2018.86,1328.61,2125.26,1261.29,2033.3,1214.16,1876.88,1166.36,1790.58,1122.69,1694.37
T4M5R023.jpg,Mayura,right,1630.7,2554.51,1718.19,2474.88,1781.48,2309.78,1717.22,2131.62,1613.7,2005.41,1765.96,1986.69,1750.63,1760,1706.65,1616.61,1671.98,1501.39,1661.37,1948.45,1687.06,1695.78,1682.7,1534.68,1670.18,1422.02,1556.11,1962.4,1486.44,1760.95,1409.88,1635.98,1347.61,1544.18,1461.15,2018.57,1419.29,1849.05,1376.46,1754.91,1337.25,1666.61
T4M5R024.jpg,Mayura,right,1552.25,2396.19,1411.73,2138.13,1375.08,1930.95,1349.34,1776.42,1344.73,1655.27,1541.12,1768.14,1544.65,1535.68,1540.72,1374.45,1540.16,1237.6,1577.59,1801.36,1602.64,1523.73,1585.43,1334.08,1560.13,1175.37,1587.16,1871.17,1569.6,1604.94,1519.71,1456.91,1482.74,1350.3,1566.92,1955.57,1527.23,1765.2,1482.6,1650.56,1450.15,1554.7
T4M5R025.jpg,Mayura,right,1350.2,2315,1385.35,2225.53,1419.01,2062.05,1361.49,1921.02,1276.63,1816.23,1509.98,1762.85,1527.62,1503.38,1538.1,1333.54,1546.78,1191.92,1433.61,1732.35,1467.59,1463.61,1458.99,1280.32,1443.05,1133.82,1355.3,1732.84,1371.68,1512.14,1351.49,1373.89,1326.04,1268.24,1272.28,1755.99,1267.82,1592.85,1251.56,1498.18,1233.73,1414.45
T4M5R026.jpg,Mayura,right,1683.16,2385.56,1512.76,2138.96,1435.35,1944.03,1374.77,1789.46,1331.79,1664.78,1560.31,1744.62,1520.8,1501.62,1487.63,1332.23,1463.99,1187.7,1597.83,1777.02,1557.39,1480.88,1519.75,1281.55,1492.09,1104.69,1612.02,1851.21,1570.01,1588.68,1533.66,1396.75,1506.91,1232.16,1600.75,1954.39,1549.57,1762.84,1518.76,1623.45,1497.03,1487.48
T4M5R027.jpg,Mayura,right,1586.71,2198.12,1642.88,2078.25,1646.89,1916.43,1572.39,1782.8,1455.88,1702.5,1651.1,1576.34,1621.55,1331.17,1590.41,1174.22,1563.61,1040.64,1547,1567.01,1542,1328.42,1507.23,1157.57,1468.47,998.34,1451.24,1592.78,1436.17,1469.18,1422.28,1568.01,1405.92,1628.76,1357.48,1632.98,1316.63,1490.31,1261.33,1372.01,1215.33,1242.24
T4M5R031.jpg,Mayura,right,1943.23,2878.53,1850.55,2953.8,1648.55,2905.01,1359.09,2892.73,1088,2819.77,1842.36,2365.05,1831.13,2065.69,1841.98,1777.71,1819.82,1532.43,1763.17,2328.63,1581.14,2066.16,1456.51,2018.58,1394.13,1981.71,1683.65,2335.67,1456.43,2161.34,1298.95,2238.29,1236.52,2298.24,1627.74,2322.31,1438.82,2220.83,1321.06,2283.14,1264.74,2346.53
T4M5R032.jpg,Mayura,right,1886.63,2589.37,1976.84,2239.9,1967.54,1957.81,1885.53,1764.3,1793.18,1653.37,1772.88,1736.93,1700.54,1460.61,1648.03,1280.54,1602.59,1126.11,1659.07,1785.24,1603,1475.58,1575.67,1278.98,1544.77,1115.64,1575.42,1885.13,1468.66,1629.25,1404.23,1467.46,1339.94,1333.06,1532.06,2019.07,1461.84,1801.12,1399.15,1654.24,1328.54,1513.25
T4M5R034.jpg,Mayura,right,2318.4,2411.7,2443.13,2228.12,2438.98,1967.75,2299.37,1837.52,2151.26,1837.49,2237.5,1707.27,2189.54,1455.99,2144.75,1310.31,2105.56,1180.62,2072.97,1762.39,1965.4,1508.3,1894.53,1365.07,1848.13,1255.18,1952.08,1855.27,1864.15,1672.78,1958.47,1709.31,2047.2,1742.04,1862.78,1991.44,1745.11,1826.45,1677.67,1747.83,1638.91,1670.79
T4M5R035.jpg,Mayura,right,1850.89,2552.08,2025.06,2468.82,2055.57,2257.2,1864.03,2069.98,1646.62,1933.64,2050.42,1833.22,2075.01,1533.7,2098.84,1303.97,2124.92,1113.03,1840.84,1825.21,1762.66,1497.76,1691.91,1323.48,1646.05,1196.47,1661.52,1882.71,1582.41,1659.15,1626.05,1808.32,1675.01,1942.15,1519.21,1974.16,1417.25,1751.71,1319.23,1641.36,1246.7,1557
T4M5R036.jpg,Mayura,right,1838.51,2610.45,2049.31,2518.24,2104.23,2427.96,1990.54,2329.47,1798.91,2247.67,1999.56,2052.76,2023.4,1708.88,2004.49,1424.35,1995.42,1164.03,1793.08,2086.59,1801.52,1846,1794.15,1735.73,1778.53,1623.6,1611.21,2162.43,1591.51,2094.87,1664.53,2258.85,1730.85,2357.31,1462.45,2255.32,1368.16,2130.86,1281.06,1965.76,1217.07,1794.8
T4M5R037.jpg,Mayura,right,1784.41,2636.99,1970.95,2506.49,2018.62,2267.12,1839.87,2090.24,1653.56,2051.53,1925.84,1963.94,1874.21,1676.76,1834.98,1474.63,1804.45,1292.08,1752.57,1967.73,1709.57,1676.07,1666.57,1444.88,1624.38,1258.7,1607.08,2041.81,1546.28,1865.29,1563.61,1917.75,1577.93,1941.61,1475.82,2177.46,1389.02,1992.31,1348.22,1903.3,1325.95,1812.06
T4M5R038.jpg,Mayura,right,1802.35,2604.59,1974.71,2487.07,2016.8,2315.17,1884.66,2234.04,1735.14,2242.31,1844.19,1925.85,1793.12,1647.12,1755.24,1428.58,1725.35,1235.31,1685.42,1969.6,1641.8,1712.14,1592.05,1497.74,1550.56,1285.05,1562.09,2074.3,1560.04,2024.84,1656.05,2235.35,1731.22,2355.61,1453.59,2224.46,1404.5,2133.55,1373.84,2104.74,1358.41,2048.48
T4M5R039.jpg,Mayura,right,1896.15,2347.18,2111.78,2424.18,2174.44,2375.48,2040.6,2340.05,1847.57,2311.16,2105.09,1799.8,2099.17,1446.75,2107.85,1164.53,2121.4,909.8,1907.22,1784.79,1878.39,1433.51,1931.63,1243.17,1969.64,1032.9,1716.83,1791.35,1608.05,1763.43,1594.85,2090.82,1611.57,2273.89,1552.64,1830.74,1424.98,1750.59,1375.98,1669.49,1373.09,1571.73
T4M5R046.jpg,Mayura,right,1537.35,3276.38,1497.03,3249,1374.29,3089.23,1199.92,2926.79,1046.59,2773.88,1365.18,2583.12,1285.47,2303.07,1244.09,2161.92,1250.13,2085.33,1291.84,2546.15,1128.73,2234.03,1007.28,2251.53,982.82,2328.41,1237.98,2544.01,1084.89,2256.41,1017.25,2257.21,1030.11,2324.5,1204.36,2569.94,1076.52,2343.96,1013.17,2290.7,1001.53,2301.15
T4M5R049.jpg,Mayura,right,2103.6,3541.51,2085.59,3055.28,1979.92,2652.16,1766.2,2328.29,1572.84,2113.76,1909.3,2243.51,1850.22,1711.19,1839.71,1350.18,1850,1048.49,1749.22,2269.43,1653.87,1708.52,1602.22,1298.97,1578.12,988.68,1622.48,2388.56,1535.34,1974.53,1581.33,1949.52,1629.4,1950.23,1508.52,2564.44,1368.38,2200.03,1208.38,1955.74,1073.57,1747.98